FOLDER,ELEMENT,ATTRIBUTE,,,,,,,
Noja Recloser,Default,AttributeType,None,,,,,,
Noja Recloser,Default,actset,None,,,,,,
Noja Recloser,Default,application,None,,,,,,
Noja Recloser,Default,appr_modby,None,,,,,,
Noja Recloser,Default,appr_modif,None,,,,,,
Noja Recloser,Default,appr_status,None,,,,,,
Noja Recloser,Default,cDisplayName,None,,,,,,
Noja Recloser,Default,cUserDefIndex,None,,,,,,
Noja Recloser,Default,c_category,None,,,,,,
Noja Recloser,Default,cbranch,None,,,,,,
Noja Recloser,Default,cbranchid,None,,,,,,
Noja Recloser,Default,cctprim,None,,,,,,
Noja Recloser,Default,cctsec,None,,,,,,
Noja Recloser,Default,ccub,None,,,,,,
Noja Recloser,Default,charact,None,,,,,,
Noja Recloser,Default,chr_name,None,,,,,,
Noja Recloser,Default,ciDist,None,,,,,,
Noja Recloser,Default,ciDistAll,None,,,,,,
Noja Recloser,Default,ciDistAllRoot,None,,,,,,
Noja Recloser,Default,ciDistRoot,None,,,,,,
Noja Recloser,Default,ciEarthed,None,,,,,,
Noja Recloser,Default,ciEnergized,None,,,,,,
Noja Recloser,Default,ciLater,None,,,,,,
Noja Recloser,Default,ciOutaged,None,,,,,,
Noja Recloser,Default,cn_bus,None,,,,,,
Noja Recloser,Default,cn_rembus,None,,,,,,
Noja Recloser,Default,constr,None,,,,,,
Noja Recloser,Default,contents,None,,,,,,
Noja Recloser,Default,cpArea,None,,,,,,
Noja Recloser,Default,cpBranch,None,,,,,,
Noja Recloser,Default,cpCt,None,,,,,,
Noja Recloser,Default,cpFeed,None,,,,,,
Noja Recloser,Default,cpGrid,None,,,,,,
Noja Recloser,Default,cpHeadFold,None,,,,,,
Noja Recloser,Default,cpMeteostat,None,,,,,,
Noja Recloser,Default,cpOperator,None,,,,,,
Noja Recloser,Default,cpOwner,None,,,,,,
Noja Recloser,Default,cpShc,None,,,,,,
Noja Recloser,Default,cpSite,None,,,,,,
Noja Recloser,Default,cpSubstat,None,,,,,,
Noja Recloser,Default,cpSupplySubstation,None,,,,,,
Noja Recloser,Default,cpSupplyTransformer,None,,,,,,
Noja Recloser,Default,cpSupplyTrfStation,None,,,,,,
Noja Recloser,Default,cpVt,None,,,,,,
Noja Recloser,Default,cpZone,None,,,,,,
Noja Recloser,Default,ctprim,None,,,,,,
Noja Recloser,Default,ctsec,None,,,,,,
Noja Recloser,Default,cvtprim,None,,,,,,
Noja Recloser,Default,cvtsec,None,,,,,,
Noja Recloser,Default,dat_src,None,,,,,,
Noja Recloser,Default,dataExtUnit,None,,,,,,
Noja Recloser,Default,desc,None,,,,,,
Noja Recloser,Default,dev_no,None,,,,,,
Noja Recloser,Default,doc_id,None,,,,,,
Noja Recloser,Default,efaultmaxi,None,,,,,,
Noja Recloser,Default,efaultmini,None,,,,,,
Noja Recloser,Default,fold_id,None,,,,,,
Noja Recloser,Default,for_name,None,,,,,,
Noja Recloser,Default,gnrl_modby,None,,,,,,
Noja Recloser,Default,gnrl_modif,None,,,,,,
Noja Recloser,Default,iComDate,None,,,,,,
Noja Recloser,Default,iSchemeStatus,None,,,,,,
Noja Recloser,Default,isSubRelay,None,,,,,,
Noja Recloser,Default,loc_name,None,,,,,,
Noja Recloser,Default,outserv,None,,,,,,
Noja Recloser,Default,pOperator,None,,,,,,
Noja Recloser,Default,pOwner,None,,,,,,
Noja Recloser,Default,pReference,None,,,,,,
Noja Recloser,Default,pdiselm,None,,,,,,
Noja Recloser,Default,pelm,None,,,,,,
Noja Recloser,Default,phfaultmaxi,None,,,,,,
Noja Recloser,Default,phfaultmini,None,,,,,,
Noja Recloser,Default,root_id,None,,,,,,
Noja Recloser,Default,sernum,None,,,,,,
Noja Recloser,Default,sw_settingsGroups,None,,,,,,
Noja Recloser,Default,td_bR,None,,,,,,
Noja Recloser,Default,td_bRC,None,,,,,,
Noja Recloser,Default,td_bX,None,,,,,,
Noja Recloser,Default,td_bXC,None,,,,,,
Noja Recloser,Default,td_bZ,None,,,,,,
Noja Recloser,Default,td_bZC,None,,,,,,
Noja Recloser,Default,td_blim,None,,,,,,
Noja Recloser,Default,td_bobj,None,,,,,,
Noja Recloser,Default,td_bphi,None,,,,,,
Noja Recloser,Default,td_bphiC,None,,,,,,
Noja Recloser,Default,td_bpos,None,,,,,,
Noja Recloser,Default,td_btpbk,None,,,,,,
Noja Recloser,Default,td_btrip,None,,,,,,
Noja Recloser,Default,td_cnt,None,,,,,,
Noja Recloser,Default,td_fR,None,,,,,,
Noja Recloser,Default,td_fRC,None,,,,,,
Noja Recloser,Default,td_fX,None,,,,,,
Noja Recloser,Default,td_fXC,None,,,,,,
Noja Recloser,Default,td_fZ,None,,,,,,
Noja Recloser,Default,td_fZC,None,,,,,,
Noja Recloser,Default,td_flim,None,,,,,,
Noja Recloser,Default,td_fobj,None,,,,,,
Noja Recloser,Default,td_fphi,None,,,,,,
Noja Recloser,Default,td_fphiC,None,,,,,,
Noja Recloser,Default,td_fpos,None,,,,,,
Noja Recloser,Default,td_ftpbk,None,,,,,,
Noja Recloser,Default,td_ftrip,None,,,,,,
Noja Recloser,Default,typ_id,None,,,,,,
Noja Recloser,Default,vtprim,None,,,,,,
Noja Recloser,Default,vtsec,None,,,,,,
Noja Recloser,Default,zratio,None,,,,,,
Default,Reclosing Element_logic,OC1+,Protection/Group1/Overcurrent/PhaseOvercurrent/,OCNumberofTrips,use_setting,None,ALL,None,None
Default,Reclosing Element_logic,OC2+,Protection/Group1/Overcurrent/PhaseOvercurrent/,OCNumberofTrips,use_setting,None,ALL,None,None
Default,Reclosing Element_logic,OC3+,Protection/Group1/Overcurrent/PhaseOvercurrent/,OCNumberofTrips,use_setting,None,ALL,None,None
Default,Reclosing Element_logic,NPS1+,Protection/Group1/Overcurrent/NegativePhaseSequence/NPS1F/,First,use_setting,None,ALL,D,N
Default,Reclosing Element_logic,NPS2+,Protection/Group1/Overcurrent/NegativePhaseSequence/NPS2F/,First,use_setting,None,ALL,D,N
Default,Reclosing Element_logic,NPS3+,Protection/Group1/Overcurrent/NegativePhaseSequence/NPS3F/,First,use_setting,None,ALL,D,N
Default,Reclosing Element_logic,EF1+,Protection/Group1/Overcurrent/EarthFaultOvercurrent/,EFNumberofTrips,use_setting,None,ALL,None,None
Default,Reclosing Element_logic,EF2+,Protection/Group1/Overcurrent/EarthFaultOvercurrent/,EFNumberofTrips,use_setting,None,ALL,None,None
Default,Reclosing Element_logic,EF3+,Protection/Group1/Overcurrent/EarthFaultOvercurrent/,EFNumberofTrips,use_setting,None,ALL,None,None
Default,Reclosing Element_logic,SEF+,Protection/Group1/Overcurrent/SensitiveEarthFault/SEFF/,First,use_setting,None,ALL,D,N
Default,Reclosing Element,AttributeType,None,,,,,,
Default,Reclosing Element,SEFtripblock,None,,,,,,
Default,Reclosing Element,SEFtriptolock,None,,,,,,
Default,Reclosing Element,TCC1op,None,,,,,,
Default,Reclosing Element,cDisplayName,None,,,,,,
Default,Reclosing Element,cUserDefIndex,None,,,,,,
Default,Reclosing Element,c_type,None,,,,,,
Default,Reclosing Element,cclactivationt,None,,,,,,
Default,Reclosing Element,cclosingcomtime,None,,,,,,
Default,Reclosing Element,cclrecloseinterval,None,,,,,,
Default,Reclosing Element,charact,None,,,,,,
Default,Reclosing Element,chr_name,None,,,,,,
Default,Reclosing Element,ciDist,None,,,,,,
Default,Reclosing Element,ciDistAll,None,,,,,,
Default,Reclosing Element,ciDistAllRoot,None,,,,,,
Default,Reclosing Element,ciDistRoot,None,,,,,,
Default,Reclosing Element,ciEarthed,None,,,,,,
Default,Reclosing Element,ciEnergized,None,,,,,,
Default,Reclosing Element,ciLater,None,,,,,,
Default,Reclosing Element,ciOutaged,None,,,,,,
Default,Reclosing Element,clactivationt,None,,,,,,
Default,Reclosing Element,clenable,None,,,,,,
Default,Reclosing Element,closingcomtime,None,,,,,,
Default,Reclosing Element,clrecloseinterval,None,,,,,,
Default,Reclosing Element,cltripstolockout,None,,,,,,
Default,Reclosing Element,cpArea,None,,,,,,
Default,Reclosing Element,cpBranch,None,,,,,,
Default,Reclosing Element,cpFeed,None,,,,,,
Default,Reclosing Element,cpGrid,None,,,,,,
Default,Reclosing Element,cpHeadFold,None,,,,,,
Default,Reclosing Element,cpMeteostat,None,,,,,,
Default,Reclosing Element,cpOperator,None,,,,,,
Default,Reclosing Element,cpOwner,None,,,,,,
Default,Reclosing Element,cpSite,None,,,,,,
Default,Reclosing Element,cpSubstat,None,,,,,,
Default,Reclosing Element,cpSupplySubstation,None,,,,,,
Default,Reclosing Element,cpSupplyTransformer,None,,,,,,
Default,Reclosing Element,cpSupplyTrfStation,None,,,,,,
Default,Reclosing Element,cpZone,None,,,,,,
Default,Reclosing Element,crecltime1,None,,,,,,
Default,Reclosing Element,crecltime11ph,None,,,,,,
Default,Reclosing Element,crecltime2,None,,,,,,
Default,Reclosing Element,crecltime3,None,,,,,,
Default,Reclosing Element,crecltime4,None,,,,,,
Default,Reclosing Element,crecltime5,None,,,,,,
Default,Reclosing Element,cresettime,None,,,,,,
Default,Reclosing Element,dat_src,None,,,,,,
Default,Reclosing Element,dataExtUnit,None,,,,,,
Default,Reclosing Element,fasttripdisabl,None,,,,,,
Default,Reclosing Element,fasttripdislock,None,,,,,,
Default,Reclosing Element,fold_id,None,,,,,,
Default,Reclosing Element,for_name,None,,,,,,
Default,Reclosing Element,gnrl_modby,None,,,,,,
Default,Reclosing Element,gnrl_modif,None,,,,,,
Default,Reclosing Element,groundtripprec,None,,,,,,
Default,Reclosing Element,grtripblock,None,,,,,,
Default,Reclosing Element,hcl1active,None,,,,,,
Default,Reclosing Element,hcl2active,None,,,,,,
Default,Reclosing Element,hcl3active,None,,,,,,
Default,Reclosing Element,hcl4active,None,,,,,,
Default,Reclosing Element,hctrip1enable,None,,,,,,
Default,Reclosing Element,hctrip2enable,None,,,,,,
Default,Reclosing Element,hctrip3enable,None,,,,,,
Default,Reclosing Element,hctrip4enable,None,,,,,,
Default,Reclosing Element,hctrip5enable,None,,,,,,
Default,Reclosing Element,iSchemeStatus,None,,,,,,
Default,Reclosing Element,ilogic,None,,,,,,
Default,Reclosing Element,loc_name,None,,,,,,
Default,Reclosing Element,maxseqcpsno,None,,,,,,
Default,Reclosing Element,operationmode,None,,,,,,
Default,Reclosing Element,oplockout,Protection/Group1/AutoReclose/RecloseTimes/,NumberofTrips,use_setting,None,,,
Default,Reclosing Element,outserv,ON,,,,,,
Default,Reclosing Element,reclnotactive,None,,,,,,
Default,Reclosing Element,recltime1,Protection/Group1/AutoReclose/RecloseTimes/,FirstRecloseTime,use_setting,None,,,
Default,Reclosing Element,recltime11ph,None,,,,,,
Default,Reclosing Element,recltime2,Protection/Group1/AutoReclose/RecloseTimes/,SecondRecloseTime,use_setting,None,,,
Default,Reclosing Element,recltime3,Protection/Group1/AutoReclose/RecloseTimes/,ThirdRecloseTime,use_setting,None,,,
Default,Reclosing Element,recltime4,None,,,,,,
Default,Reclosing Element,recltime5,None,,,,,,
Default,Reclosing Element,resettime,Protection/Group1/AutoReclose/RecloseTimes/,ResetTime,use_setting,None,,,
Default,Reclosing Element,root_id,None,,,,,,
Default,Reclosing Element,seqaccessory,None,,,,,,
Default,Reclosing Element,starttimeframe,None,,,,,,
Default,Reclosing Element,typ_id,None,,,,,,
Default,Tripping Element_dip,y1,None,,,,,,
Default,Tripping Element_dip,y2,None,,,,,,
Default,Tripping Element_dip,y3,None,,,,,,
Default,Tripping Element,AttributeType,None,,,,,,
Default,Tripping Element,aDipset,None,,,,,,
Default,Tripping Element,cDisplayName,None,,,,,,
Default,Tripping Element,cUserDefIndex,None,,,,,,
Default,Tripping Element,charact,None,,,,,,
Default,Tripping Element,chr_name,None,,,,,,
Default,Tripping Element,ciDist,None,,,,,,
Default,Tripping Element,ciDistAll,None,,,,,,
Default,Tripping Element,ciDistAllRoot,None,,,,,,
Default,Tripping Element,ciDistRoot,None,,,,,,
Default,Tripping Element,ciEarthed,None,,,,,,
Default,Tripping Element,ciEnergized,None,,,,,,
Default,Tripping Element,ciLater,None,,,,,,
Default,Tripping Element,ciOutaged,None,,,,,,
Default,Tripping Element,cpArea,None,,,,,,
Default,Tripping Element,cpBranch,None,,,,,,
Default,Tripping Element,cpFeed,None,,,,,,
Default,Tripping Element,cpGrid,None,,,,,,
Default,Tripping Element,cpHeadFold,None,,,,,,
Default,Tripping Element,cpMeteostat,None,,,,,,
Default,Tripping Element,cpOperator,None,,,,,,
Default,Tripping Element,cpOwner,None,,,,,,
Default,Tripping Element,cpSite,None,,,,,,
Default,Tripping Element,cpSubstat,None,,,,,,
Default,Tripping Element,cpSupplySubstation,None,,,,,,
Default,Tripping Element,cpSupplyTransformer,None,,,,,,
Default,Tripping Element,cpSupplyTrfStation,None,,,,,,
Default,Tripping Element,cpZone,None,,,,,,
Default,Tripping Element,dat_src,None,,,,,,
Default,Tripping Element,dataExtUnit,None,,,,,,
Default,Tripping Element,fold_id,None,,,,,,
Default,Tripping Element,for_name,None,,,,,,
Default,Tripping Element,gnrl_modby,None,,,,,,
Default,Tripping Element,gnrl_modif,None,,,,,,
Default,Tripping Element,iSchemeStatus,None,,,,,,
Default,Tripping Element,iout,None,,,,,,
Default,Tripping Element,loc_name,None,,,,,,
Default,Tripping Element,outserv,ON,,,,,,
Default,Tripping Element,pSwitch,None,,,,,,
Default,Tripping Element,root_id,None,,,,,,
Default,Tripping Element,sLogic,None,,,,,,
Default,Tripping Element,sTripsig,None,,,,,,
Default,Tripping Element,typ_id,None,,,,,,
Default,Closing Element,AttributeType,None,,,,,,
Default,Closing Element,cDisplayName,None,,,,,,
Default,Closing Element,cUserDefIndex,None,,,,,,
Default,Closing Element,charact,None,,,,,,
Default,Closing Element,chr_name,None,,,,,,
Default,Closing Element,ciDist,None,,,,,,
Default,Closing Element,ciDistAll,None,,,,,,
Default,Closing Element,ciDistAllRoot,None,,,,,,
Default,Closing Element,ciDistRoot,None,,,,,,
Default,Closing Element,ciEarthed,None,,,,,,
Default,Closing Element,ciEnergized,None,,,,,,
Default,Closing Element,ciLater,None,,,,,,
Default,Closing Element,ciOutaged,None,,,,,,
Default,Closing Element,cpArea,None,,,,,,
Default,Closing Element,cpBranch,None,,,,,,
Default,Closing Element,cpFeed,None,,,,,,
Default,Closing Element,cpGrid,None,,,,,,
Default,Closing Element,cpHeadFold,None,,,,,,
Default,Closing Element,cpMeteostat,None,,,,,,
Default,Closing Element,cpOperator,None,,,,,,
Default,Closing Element,cpOwner,None,,,,,,
Default,Closing Element,cpSite,None,,,,,,
Default,Closing Element,cpSubstat,None,,,,,,
Default,Closing Element,cpSupplySubstation,None,,,,,,
Default,Closing Element,cpSupplyTransformer,None,,,,,,
Default,Closing Element,cpSupplyTrfStation,None,,,,,,
Default,Closing Element,cpZone,None,,,,,,
Default,Closing Element,dat_src,None,,,,,,
Default,Closing Element,dataExtUnit,None,,,,,,
Default,Closing Element,fold_id,None,,,,,,
Default,Closing Element,for_name,None,,,,,,
Default,Closing Element,gnrl_modby,None,,,,,,
Default,Closing Element,gnrl_modif,None,,,,,,
Default,Closing Element,iSchemeStatus,None,,,,,,
Default,Closing Element,iout,None,,,,,,
Default,Closing Element,loc_name,None,,,,,,
Default,Closing Element,outserv,ON,,,,,,
Default,Closing Element,pSwitch,None,,,,,,
Default,Closing Element,root_id,None,,,,,,
Default,Closing Element,typ_id,None,,,,,,
Default,OC1+,AttributeType,None,,,,,,
Default,OC1+,Ipset,None,,,,,,
Default,OC1+,Ipsetr,Protection/Group1/Overcurrent/PhaseOvercurrent/ForwardPowerflow/First/,PickupCurrent,use_setting,None,,,
Default,OC1+,ModFrame,None,,,,,,
Default,OC1+,ResetT,None,,,,,,
Default,OC1+,Tadder,Protection/Group1/Overcurrent/PhaseOvercurrent/ForwardPowerflow/First/,AdditionalTime,use_setting,None,,,
Default,OC1+,Tpset,Protection/Group1/Overcurrent/PhaseOvercurrent/ForwardPowerflow/First/,TimeMultiplier,use_setting,None,,,
Default,OC1+,Trelblock,None,,,,,,
Default,OC1+,Tshift,None,,,,,,
Default,OC1+,cDisplayName,None,,,,,,
Default,OC1+,cResetT,None,,,,,,
Default,OC1+,cTadder,None,,,,,,
Default,OC1+,cUserDefIndex,None,,,,,,
Default,OC1+,c_sfansi,None,,,,,,
Default,OC1+,c_sfiec,None,,,,,,
Default,OC1+,c_type,None,,,,,,
Default,OC1+,calcuse,None,,,,,,
Default,OC1+,charact,None,,,,,,
Default,OC1+,chr_name,None,,,,,,
Default,OC1+,ciDist,None,,,,,,
Default,OC1+,ciDistAll,None,,,,,,
Default,OC1+,ciDistAllRoot,None,,,,,,
Default,OC1+,ciDistRoot,None,,,,,,
Default,OC1+,ciEarthed,None,,,,,,
Default,OC1+,ciEnergized,None,,,,,,
Default,OC1+,ciLater,None,,,,,,
Default,OC1+,ciOutaged,None,,,,,,
Default,OC1+,cminresptime,None,,,,,,
Default,OC1+,cpArea,None,,,,,,
Default,OC1+,cpBranch,None,,,,,,
Default,OC1+,cpFeed,None,,,,,,
Default,OC1+,cpGrid,None,,,,,,
Default,OC1+,cpHeadFold,None,,,,,,
Default,OC1+,cpMeteostat,None,,,,,,
Default,OC1+,cpOperator,None,,,,,,
Default,OC1+,cpOwner,None,,,,,,
Default,OC1+,cpSite,None,,,,,,
Default,OC1+,cpSubstat,None,,,,,,
Default,OC1+,cpSupplySubstation,None,,,,,,
Default,OC1+,cpSupplyTransformer,None,,,,,,
Default,OC1+,cpSupplyTrfStation,None,,,,,,
Default,OC1+,cpZone,None,,,,,,
Default,OC1+,dat_src,None,,,,,,
Default,OC1+,dataExtUnit,None,,,,,,
Default,OC1+,fold_id,None,,,,,,
Default,OC1+,for_name,None,,,,,,
Default,OC1+,gnrl_modby,None,,,,,,
Default,OC1+,gnrl_modif,None,,,,,,
Default,OC1+,iSchemeStatus,None,,,,,,
Default,OC1+,iacceptblock,None,,,,,,
Default,OC1+,idir,None,,,,,,
Default,OC1+,loc_name,None,,,,,,
Default,OC1+,minresptime,None,,,,,,
Default,OC1+,outserv,Protection/Group1/Overcurrent/PhaseOvercurrent/OC1F/,First,use_setting,D,,,
Default,OC1+,pcharac,Protection/Group1/Overcurrent/PhaseOvercurrent/ForwardPowerflow/First/,Curve,use_setting,None,,,
Default,OC1+,resetdis,None,,,,,,
Default,OC1+,root_id,None,,,,,,
Default,OC1+,typ_id,None,,,,,,
Default,OC1+,udeftmax,Protection/Group1/Overcurrent/PhaseOvercurrent/ForwardPowerflow/First/,MaxTrippingTime,use_setting,None,,,
Default,OC1+,udeftmin,Protection/Group1/Overcurrent/PhaseOvercurrent/ForwardPowerflow/First/,DefiniteMinimumTime,use_setting,None,,,
Default,OC1+ Minimum Current Multiplier,AttributeType,None,,,,,,
Default,OC1+ Minimum Current Multiplier,Ipset,Protection/Group1/Overcurrent/PhaseOvercurrent/ForwardPowerflow/First/,MinimumCurrentMultiplier,use_setting,None,,,
Default,OC1+ Minimum Current Multiplier,Ipsetr,None,,,,,,
Default,OC1+ Minimum Current Multiplier,Trelblock,None,,,,,,
Default,OC1+ Minimum Current Multiplier,Tset,None,,,,,,
Default,OC1+ Minimum Current Multiplier,cDisplayName,None,,,,,,
Default,OC1+ Minimum Current Multiplier,cTset,None,,,,,,
Default,OC1+ Minimum Current Multiplier,cUserDefIndex,None,,,,,,
Default,OC1+ Minimum Current Multiplier,c_sfansi,None,,,,,,
Default,OC1+ Minimum Current Multiplier,c_sfiec,None,,,,,,
Default,OC1+ Minimum Current Multiplier,c_type,None,,,,,,
Default,OC1+ Minimum Current Multiplier,calcuse,None,,,,,,
Default,OC1+ Minimum Current Multiplier,charact,None,,,,,,
Default,OC1+ Minimum Current Multiplier,chr_name,None,,,,,,
Default,OC1+ Minimum Current Multiplier,ciDist,None,,,,,,
Default,OC1+ Minimum Current Multiplier,ciDistAll,None,,,,,,
Default,OC1+ Minimum Current Multiplier,ciDistAllRoot,None,,,,,,
Default,OC1+ Minimum Current Multiplier,ciDistRoot,None,,,,,,
Default,OC1+ Minimum Current Multiplier,ciEarthed,None,,,,,,
Default,OC1+ Minimum Current Multiplier,ciEnergized,None,,,,,,
Default,OC1+ Minimum Current Multiplier,ciLater,None,,,,,,
Default,OC1+ Minimum Current Multiplier,ciOutaged,None,,,,,,
Default,OC1+ Minimum Current Multiplier,cpArea,None,,,,,,
Default,OC1+ Minimum Current Multiplier,cpBranch,None,,,,,,
Default,OC1+ Minimum Current Multiplier,cpFeed,None,,,,,,
Default,OC1+ Minimum Current Multiplier,cpGrid,None,,,,,,
Default,OC1+ Minimum Current Multiplier,cpHeadFold,None,,,,,,
Default,OC1+ Minimum Current Multiplier,cpMeteostat,None,,,,,,
Default,OC1+ Minimum Current Multiplier,cpOperator,None,,,,,,
Default,OC1+ Minimum Current Multiplier,cpOwner,None,,,,,,
Default,OC1+ Minimum Current Multiplier,cpSite,None,,,,,,
Default,OC1+ Minimum Current Multiplier,cpSubstat,None,,,,,,
Default,OC1+ Minimum Current Multiplier,cpSupplySubstation,None,,,,,,
Default,OC1+ Minimum Current Multiplier,cpSupplyTransformer,None,,,,,,
Default,OC1+ Minimum Current Multiplier,cpSupplyTrfStation,None,,,,,,
Default,OC1+ Minimum Current Multiplier,cpZone,None,,,,,,
Default,OC1+ Minimum Current Multiplier,cptotime,None,,,,,,
Default,OC1+ Minimum Current Multiplier,dat_src,None,,,,,,
Default,OC1+ Minimum Current Multiplier,dataExtUnit,None,,,,,,
Default,OC1+ Minimum Current Multiplier,fold_id,None,,,,,,
Default,OC1+ Minimum Current Multiplier,for_name,None,,,,,,
Default,OC1+ Minimum Current Multiplier,gnrl_modby,None,,,,,,
Default,OC1+ Minimum Current Multiplier,gnrl_modif,None,,,,,,
Default,OC1+ Minimum Current Multiplier,iSchemeStatus,None,,,,,,
Default,OC1+ Minimum Current Multiplier,iacceptblock,None,,,,,,
Default,OC1+ Minimum Current Multiplier,idir,None,,,,,,
Default,OC1+ Minimum Current Multiplier,loc_name,None,,,,,,
Default,OC1+ Minimum Current Multiplier,outserv,Protection/Group1/Overcurrent/PhaseOvercurrent/OC1F/,First,use_setting,D,,,
Default,OC1+ Minimum Current Multiplier,root_id,None,,,,,,
Default,OC1+ Minimum Current Multiplier,typ_id,None,,,,,,
Default,OC2+,AttributeType,None,,,,,,
Default,OC2+,Ipset,None,,,,,,
Default,OC2+,Ipsetr,Protection/Group1/Overcurrent/PhaseOvercurrent/ForwardPowerflow/Second/,PickupCurrent,use_setting,None,,,
Default,OC2+,ModFrame,None,,,,,,
Default,OC2+,ResetT,None,,,,,,
Default,OC2+,Tadder,Protection/Group1/Overcurrent/PhaseOvercurrent/ForwardPowerflow/Second/,AdditionalTime,use_setting,None,,,
Default,OC2+,Tpset,Protection/Group1/Overcurrent/PhaseOvercurrent/ForwardPowerflow/Second/,TimeMultiplier,use_setting,None,,,
Default,OC2+,Trelblock,None,,,,,,
Default,OC2+,Tshift,None,,,,,,
Default,OC2+,cDisplayName,None,,,,,,
Default,OC2+,cResetT,None,,,,,,
Default,OC2+,cTadder,None,,,,,,
Default,OC2+,cUserDefIndex,None,,,,,,
Default,OC2+,c_sfansi,None,,,,,,
Default,OC2+,c_sfiec,None,,,,,,
Default,OC2+,c_type,None,,,,,,
Default,OC2+,calcuse,None,,,,,,
Default,OC2+,charact,None,,,,,,
Default,OC2+,chr_name,None,,,,,,
Default,OC2+,ciDist,None,,,,,,
Default,OC2+,ciDistAll,None,,,,,,
Default,OC2+,ciDistAllRoot,None,,,,,,
Default,OC2+,ciDistRoot,None,,,,,,
Default,OC2+,ciEarthed,None,,,,,,
Default,OC2+,ciEnergized,None,,,,,,
Default,OC2+,ciLater,None,,,,,,
Default,OC2+,ciOutaged,None,,,,,,
Default,OC2+,cminresptime,None,,,,,,
Default,OC2+,cpArea,None,,,,,,
Default,OC2+,cpBranch,None,,,,,,
Default,OC2+,cpFeed,None,,,,,,
Default,OC2+,cpGrid,None,,,,,,
Default,OC2+,cpHeadFold,None,,,,,,
Default,OC2+,cpMeteostat,None,,,,,,
Default,OC2+,cpOperator,None,,,,,,
Default,OC2+,cpOwner,None,,,,,,
Default,OC2+,cpSite,None,,,,,,
Default,OC2+,cpSubstat,None,,,,,,
Default,OC2+,cpSupplySubstation,None,,,,,,
Default,OC2+,cpSupplyTransformer,None,,,,,,
Default,OC2+,cpSupplyTrfStation,None,,,,,,
Default,OC2+,cpZone,None,,,,,,
Default,OC2+,dat_src,None,,,,,,
Default,OC2+,dataExtUnit,None,,,,,,
Default,OC2+,fold_id,None,,,,,,
Default,OC2+,for_name,None,,,,,,
Default,OC2+,gnrl_modby,None,,,,,,
Default,OC2+,gnrl_modif,None,,,,,,
Default,OC2+,iSchemeStatus,None,,,,,,
Default,OC2+,iacceptblock,None,,,,,,
Default,OC2+,idir,None,,,,,,
Default,OC2+,loc_name,None,,,,,,
Default,OC2+,minresptime,None,,,,,,
Default,OC2+,outserv,Protection/Group1/Overcurrent/PhaseOvercurrent/OC2F/,First,use_setting,D,,,
Default,OC2+,pcharac,Protection/Group1/Overcurrent/PhaseOvercurrent/ForwardPowerflow/Second/,Curve,use_setting,None,,,
Default,OC2+,resetdis,None,,,,,,
Default,OC2+,root_id,None,,,,,,
Default,OC2+,typ_id,None,,,,,,
Default,OC2+,udeftmax,Protection/Group1/Overcurrent/PhaseOvercurrent/ForwardPowerflow/Second/,MaxTrippingTime,use_setting,None,,,
Default,OC2+,udeftmin,Protection/Group1/Overcurrent/PhaseOvercurrent/ForwardPowerflow/First/,DefiniteMinimumTime,use_setting,None,,,
Default,OC2+ Minimum Current Multiplier,AttributeType,None,,,,,,
Default,OC2+ Minimum Current Multiplier,Ipset,Protection/Group1/Overcurrent/PhaseOvercurrent/ForwardPowerflow/Second/,MinimumCurrentMultiplier,use_setting,None,,,
Default,OC2+ Minimum Current Multiplier,Ipsetr,None,,,,,,
Default,OC2+ Minimum Current Multiplier,Trelblock,None,,,,,,
Default,OC2+ Minimum Current Multiplier,Tset,None,,,,,,
Default,OC2+ Minimum Current Multiplier,cDisplayName,None,,,,,,
Default,OC2+ Minimum Current Multiplier,cTset,None,,,,,,
Default,OC2+ Minimum Current Multiplier,cUserDefIndex,None,,,,,,
Default,OC2+ Minimum Current Multiplier,c_sfansi,None,,,,,,
Default,OC2+ Minimum Current Multiplier,c_sfiec,None,,,,,,
Default,OC2+ Minimum Current Multiplier,c_type,None,,,,,,
Default,OC2+ Minimum Current Multiplier,calcuse,None,,,,,,
Default,OC2+ Minimum Current Multiplier,charact,None,,,,,,
Default,OC2+ Minimum Current Multiplier,chr_name,None,,,,,,
Default,OC2+ Minimum Current Multiplier,ciDist,None,,,,,,
Default,OC2+ Minimum Current Multiplier,ciDistAll,None,,,,,,
Default,OC2+ Minimum Current Multiplier,ciDistAllRoot,None,,,,,,
Default,OC2+ Minimum Current Multiplier,ciDistRoot,None,,,,,,
Default,OC2+ Minimum Current Multiplier,ciEarthed,None,,,,,,
Default,OC2+ Minimum Current Multiplier,ciEnergized,None,,,,,,
Default,OC2+ Minimum Current Multiplier,ciLater,None,,,,,,
Default,OC2+ Minimum Current Multiplier,ciOutaged,None,,,,,,
Default,OC2+ Minimum Current Multiplier,cpArea,None,,,,,,
Default,OC2+ Minimum Current Multiplier,cpBranch,None,,,,,,
Default,OC2+ Minimum Current Multiplier,cpFeed,None,,,,,,
Default,OC2+ Minimum Current Multiplier,cpGrid,None,,,,,,
Default,OC2+ Minimum Current Multiplier,cpHeadFold,None,,,,,,
Default,OC2+ Minimum Current Multiplier,cpMeteostat,None,,,,,,
Default,OC2+ Minimum Current Multiplier,cpOperator,None,,,,,,
Default,OC2+ Minimum Current Multiplier,cpOwner,None,,,,,,
Default,OC2+ Minimum Current Multiplier,cpSite,None,,,,,,
Default,OC2+ Minimum Current Multiplier,cpSubstat,None,,,,,,
Default,OC2+ Minimum Current Multiplier,cpSupplySubstation,None,,,,,,
Default,OC2+ Minimum Current Multiplier,cpSupplyTransformer,None,,,,,,
Default,OC2+ Minimum Current Multiplier,cpSupplyTrfStation,None,,,,,,
Default,OC2+ Minimum Current Multiplier,cpZone,None,,,,,,
Default,OC2+ Minimum Current Multiplier,cptotime,None,,,,,,
Default,OC2+ Minimum Current Multiplier,dat_src,None,,,,,,
Default,OC2+ Minimum Current Multiplier,dataExtUnit,None,,,,,,
Default,OC2+ Minimum Current Multiplier,fold_id,None,,,,,,
Default,OC2+ Minimum Current Multiplier,for_name,None,,,,,,
Default,OC2+ Minimum Current Multiplier,gnrl_modby,None,,,,,,
Default,OC2+ Minimum Current Multiplier,gnrl_modif,None,,,,,,
Default,OC2+ Minimum Current Multiplier,iSchemeStatus,None,,,,,,
Default,OC2+ Minimum Current Multiplier,iacceptblock,None,,,,,,
Default,OC2+ Minimum Current Multiplier,idir,None,,,,,,
Default,OC2+ Minimum Current Multiplier,loc_name,None,,,,,,
Default,OC2+ Minimum Current Multiplier,outserv,Protection/Group1/Overcurrent/PhaseOvercurrent/OC2F/,First,use_setting,D,,,
Default,OC2+ Minimum Current Multiplier,root_id,None,,,,,,
Default,OC2+ Minimum Current Multiplier,typ_id,None,,,,,,
Default,OC3+,AttributeType,None,,,,,,
Default,OC3+,Ipset,None,,,,,,
Default,OC3+,Ipsetr,Protection/Group1/Overcurrent/PhaseOvercurrent/ForwardPowerflow/Third/,PickupCurrent,use_setting,None,,,
Default,OC3+,Trelblock,None,,,,,,
Default,OC3+,Tset,Protection/Group1/Overcurrent/PhaseOvercurrent/ForwardPowerflow/Third/,TrippingTime,use_setting,None,,,
Default,OC3+,cDisplayName,None,,,,,,
Default,OC3+,cTset,None,,,,,,
Default,OC3+,cUserDefIndex,None,,,,,,
Default,OC3+,c_sfansi,None,,,,,,
Default,OC3+,c_sfiec,None,,,,,,
Default,OC3+,c_type,None,,,,,,
Default,OC3+,calcuse,None,,,,,,
Default,OC3+,charact,None,,,,,,
Default,OC3+,chr_name,None,,,,,,
Default,OC3+,ciDist,None,,,,,,
Default,OC3+,ciDistAll,None,,,,,,
Default,OC3+,ciDistAllRoot,None,,,,,,
Default,OC3+,ciDistRoot,None,,,,,,
Default,OC3+,ciEarthed,None,,,,,,
Default,OC3+,ciEnergized,None,,,,,,
Default,OC3+,ciLater,None,,,,,,
Default,OC3+,ciOutaged,None,,,,,,
Default,OC3+,cpArea,None,,,,,,
Default,OC3+,cpBranch,None,,,,,,
Default,OC3+,cpFeed,None,,,,,,
Default,OC3+,cpGrid,None,,,,,,
Default,OC3+,cpHeadFold,None,,,,,,
Default,OC3+,cpMeteostat,None,,,,,,
Default,OC3+,cpOperator,None,,,,,,
Default,OC3+,cpOwner,None,,,,,,
Default,OC3+,cpSite,None,,,,,,
Default,OC3+,cpSubstat,None,,,,,,
Default,OC3+,cpSupplySubstation,None,,,,,,
Default,OC3+,cpSupplyTransformer,None,,,,,,
Default,OC3+,cpSupplyTrfStation,None,,,,,,
Default,OC3+,cpZone,None,,,,,,
Default,OC3+,cptotime,None,,,,,,
Default,OC3+,dat_src,None,,,,,,
Default,OC3+,dataExtUnit,None,,,,,,
Default,OC3+,fold_id,None,,,,,,
Default,OC3+,for_name,None,,,,,,
Default,OC3+,gnrl_modby,None,,,,,,
Default,OC3+,gnrl_modif,None,,,,,,
Default,OC3+,iSchemeStatus,None,,,,,,
Default,OC3+,iacceptblock,None,,,,,,
Default,OC3+,idir,None,,,,,,
Default,OC3+,loc_name,None,,,,,,
Default,OC3+,outserv,Protection/Group1/Overcurrent/PhaseOvercurrent/OC3F/,First,use_setting,D,,,
Default,OC3+,root_id,None,,,,,,
Default,OC3+,typ_id,None,,,,,,
Default,NPS1+,AttributeType,None,,,,,,
Default,NPS1+,Ipset,None,,,,,,
Default,NPS1+,Ipsetr,Protection/Group1/Overcurrent/NegativePhaseSequence/ForwardPowerflow/First/,PickupCurrent,use_setting,None,,,
Default,NPS1+,ModFrame,None,,,,,,
Default,NPS1+,ResetT,None,,,,,,
Default,NPS1+,Tadder,Protection/Group1/Overcurrent/NegativePhaseSequence/ForwardPowerflow/First/,AdditionalTime,use_setting,None,,,
Default,NPS1+,Tpset,Protection/Group1/Overcurrent/NegativePhaseSequence/ForwardPowerflow/First/,TimeMultiplier,use_setting,None,,,
Default,NPS1+,Trelblock,None,,,,,,
Default,NPS1+,Tshift,None,,,,,,
Default,NPS1+,cDisplayName,None,,,,,,
Default,NPS1+,cResetT,None,,,,,,
Default,NPS1+,cTadder,None,,,,,,
Default,NPS1+,cUserDefIndex,None,,,,,,
Default,NPS1+,c_sfansi,None,,,,,,
Default,NPS1+,c_sfiec,None,,,,,,
Default,NPS1+,c_type,None,,,,,,
Default,NPS1+,calcuse,None,,,,,,
Default,NPS1+,charact,None,,,,,,
Default,NPS1+,chr_name,None,,,,,,
Default,NPS1+,ciDist,None,,,,,,
Default,NPS1+,ciDistAll,None,,,,,,
Default,NPS1+,ciDistAllRoot,None,,,,,,
Default,NPS1+,ciDistRoot,None,,,,,,
Default,NPS1+,ciEarthed,None,,,,,,
Default,NPS1+,ciEnergized,None,,,,,,
Default,NPS1+,ciLater,None,,,,,,
Default,NPS1+,ciOutaged,None,,,,,,
Default,NPS1+,cminresptime,None,,,,,,
Default,NPS1+,cpArea,None,,,,,,
Default,NPS1+,cpBranch,None,,,,,,
Default,NPS1+,cpFeed,None,,,,,,
Default,NPS1+,cpGrid,None,,,,,,
Default,NPS1+,cpHeadFold,None,,,,,,
Default,NPS1+,cpMeteostat,None,,,,,,
Default,NPS1+,cpOperator,None,,,,,,
Default,NPS1+,cpOwner,None,,,,,,
Default,NPS1+,cpSite,None,,,,,,
Default,NPS1+,cpSubstat,None,,,,,,
Default,NPS1+,cpSupplySubstation,None,,,,,,
Default,NPS1+,cpSupplyTransformer,None,,,,,,
Default,NPS1+,cpSupplyTrfStation,None,,,,,,
Default,NPS1+,cpZone,None,,,,,,
Default,NPS1+,dat_src,None,,,,,,
Default,NPS1+,dataExtUnit,None,,,,,,
Default,NPS1+,fold_id,None,,,,,,
Default,NPS1+,for_name,None,,,,,,
Default,NPS1+,gnrl_modby,None,,,,,,
Default,NPS1+,gnrl_modif,None,,,,,,
Default,NPS1+,iSchemeStatus,None,,,,,,
Default,NPS1+,iacceptblock,None,,,,,,
Default,NPS1+,idir,None,,,,,,
Default,NPS1+,loc_name,None,,,,,,
Default,NPS1+,minresptime,None,,,,,,
Default,NPS1+,outserv,Protection/Group1/Overcurrent/NegativePhaseSequence/NPS1F/,First,use_setting,D,,,
Default,NPS1+,pcharac,Protection/Group1/Overcurrent/NegativePhaseSequence/ForwardPowerflow/First/,Curve,use_setting,None,,,
Default,NPS1+,resetdis,None,,,,,,
Default,NPS1+,root_id,None,,,,,,
Default,NPS1+,typ_id,None,,,,,,
Default,NPS1+,udeftmax,Protection/Group1/Overcurrent/NegativePhaseSequence/ForwardPowerflow/First/,MaxTrippingTime,use_setting,None,,,
Default,NPS1+,udeftmin,Protection/Group1/Overcurrent/NegativePhaseSequence/ForwardPowerflow/First/,DefiniteMinimumTime,use_setting,None,,,
Default,NPS1+ Minimum Current Multiplier,AttributeType,None,,,,,,
Default,NPS1+ Minimum Current Multiplier,Ipset,Protection/Group1/Overcurrent/NegativePhaseSequence/ForwardPowerflow/First/,MinimumCurrentMultiplier,use_setting,None,,,
Default,NPS1+ Minimum Current Multiplier,Ipsetr,None,,,,,,
Default,NPS1+ Minimum Current Multiplier,Trelblock,None,,,,,,
Default,NPS1+ Minimum Current Multiplier,Tset,None,,,,,,
Default,NPS1+ Minimum Current Multiplier,cDisplayName,None,,,,,,
Default,NPS1+ Minimum Current Multiplier,cTset,None,,,,,,
Default,NPS1+ Minimum Current Multiplier,cUserDefIndex,None,,,,,,
Default,NPS1+ Minimum Current Multiplier,c_sfansi,None,,,,,,
Default,NPS1+ Minimum Current Multiplier,c_sfiec,None,,,,,,
Default,NPS1+ Minimum Current Multiplier,c_type,None,,,,,,
Default,NPS1+ Minimum Current Multiplier,calcuse,None,,,,,,
Default,NPS1+ Minimum Current Multiplier,charact,None,,,,,,
Default,NPS1+ Minimum Current Multiplier,chr_name,None,,,,,,
Default,NPS1+ Minimum Current Multiplier,ciDist,None,,,,,,
Default,NPS1+ Minimum Current Multiplier,ciDistAll,None,,,,,,
Default,NPS1+ Minimum Current Multiplier,ciDistAllRoot,None,,,,,,
Default,NPS1+ Minimum Current Multiplier,ciDistRoot,None,,,,,,
Default,NPS1+ Minimum Current Multiplier,ciEarthed,None,,,,,,
Default,NPS1+ Minimum Current Multiplier,ciEnergized,None,,,,,,
Default,NPS1+ Minimum Current Multiplier,ciLater,None,,,,,,
Default,NPS1+ Minimum Current Multiplier,ciOutaged,None,,,,,,
Default,NPS1+ Minimum Current Multiplier,cpArea,None,,,,,,
Default,NPS1+ Minimum Current Multiplier,cpBranch,None,,,,,,
Default,NPS1+ Minimum Current Multiplier,cpFeed,None,,,,,,
Default,NPS1+ Minimum Current Multiplier,cpGrid,None,,,,,,
Default,NPS1+ Minimum Current Multiplier,cpHeadFold,None,,,,,,
Default,NPS1+ Minimum Current Multiplier,cpMeteostat,None,,,,,,
Default,NPS1+ Minimum Current Multiplier,cpOperator,None,,,,,,
Default,NPS1+ Minimum Current Multiplier,cpOwner,None,,,,,,
Default,NPS1+ Minimum Current Multiplier,cpSite,None,,,,,,
Default,NPS1+ Minimum Current Multiplier,cpSubstat,None,,,,,,
Default,NPS1+ Minimum Current Multiplier,cpSupplySubstation,None,,,,,,
Default,NPS1+ Minimum Current Multiplier,cpSupplyTransformer,None,,,,,,
Default,NPS1+ Minimum Current Multiplier,cpSupplyTrfStation,None,,,,,,
Default,NPS1+ Minimum Current Multiplier,cpZone,None,,,,,,
Default,NPS1+ Minimum Current Multiplier,cptotime,None,,,,,,
Default,NPS1+ Minimum Current Multiplier,dat_src,None,,,,,,
Default,NPS1+ Minimum Current Multiplier,dataExtUnit,None,,,,,,
Default,NPS1+ Minimum Current Multiplier,fold_id,None,,,,,,
Default,NPS1+ Minimum Current Multiplier,for_name,None,,,,,,
Default,NPS1+ Minimum Current Multiplier,gnrl_modby,None,,,,,,
Default,NPS1+ Minimum Current Multiplier,gnrl_modif,None,,,,,,
Default,NPS1+ Minimum Current Multiplier,iSchemeStatus,None,,,,,,
Default,NPS1+ Minimum Current Multiplier,iacceptblock,None,,,,,,
Default,NPS1+ Minimum Current Multiplier,idir,None,,,,,,
Default,NPS1+ Minimum Current Multiplier,loc_name,None,,,,,,
Default,NPS1+ Minimum Current Multiplier,outserv,Protection/Group1/Overcurrent/NegativePhaseSequence/NPS1F/,First,use_setting,D,,,
Default,NPS1+ Minimum Current Multiplier,root_id,None,,,,,,
Default,NPS1+ Minimum Current Multiplier,typ_id,None,,,,,,
Default,NPS2+,AttributeType,None,,,,,,
Default,NPS2+,Ipset,None,,,,,,
Default,NPS2+,Ipsetr,Protection/Group1/Overcurrent/NegativePhaseSequence/ForwardPowerflow/Second/,PickupCurrent,use_setting,None,,,
Default,NPS2+,ModFrame,None,,,,,,
Default,NPS2+,ResetT,None,,,,,,
Default,NPS2+,Tadder,Protection/Group1/Overcurrent/NegativePhaseSequence/ForwardPowerflow/Second/,AdditionalTime,use_setting,None,,,
Default,NPS2+,Tpset,Protection/Group1/Overcurrent/NegativePhaseSequence/ForwardPowerflow/Second/,TimeMultiplier,use_setting,None,,,
Default,NPS2+,Trelblock,None,,,,,,
Default,NPS2+,Tshift,None,,,,,,
Default,NPS2+,cDisplayName,None,,,,,,
Default,NPS2+,cResetT,None,,,,,,
Default,NPS2+,cTadder,None,,,,,,
Default,NPS2+,cUserDefIndex,None,,,,,,
Default,NPS2+,c_sfansi,None,,,,,,
Default,NPS2+,c_sfiec,None,,,,,,
Default,NPS2+,c_type,None,,,,,,
Default,NPS2+,calcuse,None,,,,,,
Default,NPS2+,charact,None,,,,,,
Default,NPS2+,chr_name,None,,,,,,
Default,NPS2+,ciDist,None,,,,,,
Default,NPS2+,ciDistAll,None,,,,,,
Default,NPS2+,ciDistAllRoot,None,,,,,,
Default,NPS2+,ciDistRoot,None,,,,,,
Default,NPS2+,ciEarthed,None,,,,,,
Default,NPS2+,ciEnergized,None,,,,,,
Default,NPS2+,ciLater,None,,,,,,
Default,NPS2+,ciOutaged,None,,,,,,
Default,NPS2+,cminresptime,None,,,,,,
Default,NPS2+,cpArea,None,,,,,,
Default,NPS2+,cpBranch,None,,,,,,
Default,NPS2+,cpFeed,None,,,,,,
Default,NPS2+,cpGrid,None,,,,,,
Default,NPS2+,cpHeadFold,None,,,,,,
Default,NPS2+,cpMeteostat,None,,,,,,
Default,NPS2+,cpOperator,None,,,,,,
Default,NPS2+,cpOwner,None,,,,,,
Default,NPS2+,cpSite,None,,,,,,
Default,NPS2+,cpSubstat,None,,,,,,
Default,NPS2+,cpSupplySubstation,None,,,,,,
Default,NPS2+,cpSupplyTransformer,None,,,,,,
Default,NPS2+,cpSupplyTrfStation,None,,,,,,
Default,NPS2+,cpZone,None,,,,,,
Default,NPS2+,dat_src,None,,,,,,
Default,NPS2+,dataExtUnit,None,,,,,,
Default,NPS2+,fold_id,None,,,,,,
Default,NPS2+,for_name,None,,,,,,
Default,NPS2+,gnrl_modby,None,,,,,,
Default,NPS2+,gnrl_modif,None,,,,,,
Default,NPS2+,iSchemeStatus,None,,,,,,
Default,NPS2+,iacceptblock,None,,,,,,
Default,NPS2+,idir,None,,,,,,
Default,NPS2+,loc_name,None,,,,,,
Default,NPS2+,minresptime,None,,,,,,
Default,NPS2+,outserv,Protection/Group1/Overcurrent/NegativePhaseSequence/NPS2F/,First,use_setting,D,,,
Default,NPS2+,pcharac,Protection/Group1/Overcurrent/NegativePhaseSequence/ForwardPowerflow/Second/,Curve,use_setting,None,,,
Default,NPS2+,resetdis,None,,,,,,
Default,NPS2+,root_id,None,,,,,,
Default,NPS2+,typ_id,None,,,,,,
Default,NPS2+,udeftmax,Protection/Group1/Overcurrent/NegativePhaseSequence/ForwardPowerflow/Second/,MaxTrippingTime,use_setting,None,,,
Default,NPS2+,udeftmin,Protection/Group1/Overcurrent/NegativePhaseSequence/ForwardPowerflow/Second/,DefiniteMinimumTime,use_setting,None,,,
Default,NPS2+ Minimum Current Multiplier,AttributeType,None,,,,,,
Default,NPS2+ Minimum Current Multiplier,Ipset,Protection/Group1/Overcurrent/NegativePhaseSequence/ForwardPowerflow/Second/,MinimumCurrentMultiplier,use_setting,None,,,
Default,NPS2+ Minimum Current Multiplier,Ipsetr,None,,,,,,
Default,NPS2+ Minimum Current Multiplier,Trelblock,None,,,,,,
Default,NPS2+ Minimum Current Multiplier,Tset,None,,,,,,
Default,NPS2+ Minimum Current Multiplier,cDisplayName,None,,,,,,
Default,NPS2+ Minimum Current Multiplier,cTset,None,,,,,,
Default,NPS2+ Minimum Current Multiplier,cUserDefIndex,None,,,,,,
Default,NPS2+ Minimum Current Multiplier,c_sfansi,None,,,,,,
Default,NPS2+ Minimum Current Multiplier,c_sfiec,None,,,,,,
Default,NPS2+ Minimum Current Multiplier,c_type,None,,,,,,
Default,NPS2+ Minimum Current Multiplier,calcuse,None,,,,,,
Default,NPS2+ Minimum Current Multiplier,charact,None,,,,,,
Default,NPS2+ Minimum Current Multiplier,chr_name,None,,,,,,
Default,NPS2+ Minimum Current Multiplier,ciDist,None,,,,,,
Default,NPS2+ Minimum Current Multiplier,ciDistAll,None,,,,,,
Default,NPS2+ Minimum Current Multiplier,ciDistAllRoot,None,,,,,,
Default,NPS2+ Minimum Current Multiplier,ciDistRoot,None,,,,,,
Default,NPS2+ Minimum Current Multiplier,ciEarthed,None,,,,,,
Default,NPS2+ Minimum Current Multiplier,ciEnergized,None,,,,,,
Default,NPS2+ Minimum Current Multiplier,ciLater,None,,,,,,
Default,NPS2+ Minimum Current Multiplier,ciOutaged,None,,,,,,
Default,NPS2+ Minimum Current Multiplier,cpArea,None,,,,,,
Default,NPS2+ Minimum Current Multiplier,cpBranch,None,,,,,,
Default,NPS2+ Minimum Current Multiplier,cpFeed,None,,,,,,
Default,NPS2+ Minimum Current Multiplier,cpGrid,None,,,,,,
Default,NPS2+ Minimum Current Multiplier,cpHeadFold,None,,,,,,
Default,NPS2+ Minimum Current Multiplier,cpMeteostat,None,,,,,,
Default,NPS2+ Minimum Current Multiplier,cpOperator,None,,,,,,
Default,NPS2+ Minimum Current Multiplier,cpOwner,None,,,,,,
Default,NPS2+ Minimum Current Multiplier,cpSite,None,,,,,,
Default,NPS2+ Minimum Current Multiplier,cpSubstat,None,,,,,,
Default,NPS2+ Minimum Current Multiplier,cpSupplySubstation,None,,,,,,
Default,NPS2+ Minimum Current Multiplier,cpSupplyTransformer,None,,,,,,
Default,NPS2+ Minimum Current Multiplier,cpSupplyTrfStation,None,,,,,,
Default,NPS2+ Minimum Current Multiplier,cpZone,None,,,,,,
Default,NPS2+ Minimum Current Multiplier,cptotime,None,,,,,,
Default,NPS2+ Minimum Current Multiplier,dat_src,None,,,,,,
Default,NPS2+ Minimum Current Multiplier,dataExtUnit,None,,,,,,
Default,NPS2+ Minimum Current Multiplier,fold_id,None,,,,,,
Default,NPS2+ Minimum Current Multiplier,for_name,None,,,,,,
Default,NPS2+ Minimum Current Multiplier,gnrl_modby,None,,,,,,
Default,NPS2+ Minimum Current Multiplier,gnrl_modif,None,,,,,,
Default,NPS2+ Minimum Current Multiplier,iSchemeStatus,None,,,,,,
Default,NPS2+ Minimum Current Multiplier,iacceptblock,None,,,,,,
Default,NPS2+ Minimum Current Multiplier,idir,None,,,,,,
Default,NPS2+ Minimum Current Multiplier,loc_name,None,,,,,,
Default,NPS2+ Minimum Current Multiplier,outserv,Protection/Group1/Overcurrent/NegativePhaseSequence/NPS2F/,First,use_setting,D,,,
Default,NPS2+ Minimum Current Multiplier,root_id,None,,,,,,
Default,NPS2+ Minimum Current Multiplier,typ_id,None,,,,,,
Default,NPS3+,AttributeType,None,,,,,,
Default,NPS3+,Ipset,None,,,,,,
Default,NPS3+,Ipsetr,Protection/Group1/Overcurrent/NegativePhaseSequence/ForwardPowerflow/Third/,PickupCurrent,use_setting,None,,,
Default,NPS3+,Trelblock,None,,,,,,
Default,NPS3+,Tset,Protection/Group1/Overcurrent/NegativePhaseSequence/ForwardPowerflow/Third/,TrippingTime,use_setting,None,,,
Default,NPS3+,cDisplayName,None,,,,,,
Default,NPS3+,cTset,None,,,,,,
Default,NPS3+,cUserDefIndex,None,,,,,,
Default,NPS3+,c_sfansi,None,,,,,,
Default,NPS3+,c_sfiec,None,,,,,,
Default,NPS3+,c_type,None,,,,,,
Default,NPS3+,calcuse,None,,,,,,
Default,NPS3+,charact,None,,,,,,
Default,NPS3+,chr_name,None,,,,,,
Default,NPS3+,ciDist,None,,,,,,
Default,NPS3+,ciDistAll,None,,,,,,
Default,NPS3+,ciDistAllRoot,None,,,,,,
Default,NPS3+,ciDistRoot,None,,,,,,
Default,NPS3+,ciEarthed,None,,,,,,
Default,NPS3+,ciEnergized,None,,,,,,
Default,NPS3+,ciLater,None,,,,,,
Default,NPS3+,ciOutaged,None,,,,,,
Default,NPS3+,cpArea,None,,,,,,
Default,NPS3+,cpBranch,None,,,,,,
Default,NPS3+,cpFeed,None,,,,,,
Default,NPS3+,cpGrid,None,,,,,,
Default,NPS3+,cpHeadFold,None,,,,,,
Default,NPS3+,cpMeteostat,None,,,,,,
Default,NPS3+,cpOperator,None,,,,,,
Default,NPS3+,cpOwner,None,,,,,,
Default,NPS3+,cpSite,None,,,,,,
Default,NPS3+,cpSubstat,None,,,,,,
Default,NPS3+,cpSupplySubstation,None,,,,,,
Default,NPS3+,cpSupplyTransformer,None,,,,,,
Default,NPS3+,cpSupplyTrfStation,None,,,,,,
Default,NPS3+,cpZone,None,,,,,,
Default,NPS3+,cptotime,None,,,,,,
Default,NPS3+,dat_src,None,,,,,,
Default,NPS3+,dataExtUnit,None,,,,,,
Default,NPS3+,fold_id,None,,,,,,
Default,NPS3+,for_name,None,,,,,,
Default,NPS3+,gnrl_modby,None,,,,,,
Default,NPS3+,gnrl_modif,None,,,,,,
Default,NPS3+,iSchemeStatus,None,,,,,,
Default,NPS3+,iacceptblock,None,,,,,,
Default,NPS3+,idir,None,,,,,,
Default,NPS3+,loc_name,None,,,,,,
Default,NPS3+,outserv,Protection/Group1/Overcurrent/NegativePhaseSequence/NPS3F/,First,use_setting,D,,,
Default,NPS3+,root_id,None,,,,,,
Default,NPS3+,typ_id,None,,,,,,
Default,EF1+,AttributeType,None,,,,,,
Default,EF1+,Ipset,None,,,,,,
Default,EF1+,Ipsetr,Protection/Group1/Overcurrent/EarthFaultOvercurrent/ForwardPowerflow/First/,PickupCurrent,use_setting,None,,,
Default,EF1+,ModFrame,None,,,,,,
Default,EF1+,ResetT,None,,,,,,
Default,EF1+,Tadder,Protection/Group1/Overcurrent/EarthFaultOvercurrent/ForwardPowerflow/First/,AdditionalTime,use_setting,None,,,
Default,EF1+,Tpset,Protection/Group1/Overcurrent/EarthFaultOvercurrent/ForwardPowerflow/First/,TimeMultiplier,use_setting,None,,,
Default,EF1+,Trelblock,None,,,,,,
Default,EF1+,Tshift,None,,,,,,
Default,EF1+,cDisplayName,None,,,,,,
Default,EF1+,cResetT,None,,,,,,
Default,EF1+,cTadder,None,,,,,,
Default,EF1+,cUserDefIndex,None,,,,,,
Default,EF1+,c_sfansi,None,,,,,,
Default,EF1+,c_sfiec,None,,,,,,
Default,EF1+,c_type,None,,,,,,
Default,EF1+,calcuse,None,,,,,,
Default,EF1+,charact,None,,,,,,
Default,EF1+,chr_name,None,,,,,,
Default,EF1+,ciDist,None,,,,,,
Default,EF1+,ciDistAll,None,,,,,,
Default,EF1+,ciDistAllRoot,None,,,,,,
Default,EF1+,ciDistRoot,None,,,,,,
Default,EF1+,ciEarthed,None,,,,,,
Default,EF1+,ciEnergized,None,,,,,,
Default,EF1+,ciLater,None,,,,,,
Default,EF1+,ciOutaged,None,,,,,,
Default,EF1+,cminresptime,None,,,,,,
Default,EF1+,cpArea,None,,,,,,
Default,EF1+,cpBranch,None,,,,,,
Default,EF1+,cpFeed,None,,,,,,
Default,EF1+,cpGrid,None,,,,,,
Default,EF1+,cpHeadFold,None,,,,,,
Default,EF1+,cpMeteostat,None,,,,,,
Default,EF1+,cpOperator,None,,,,,,
Default,EF1+,cpOwner,None,,,,,,
Default,EF1+,cpSite,None,,,,,,
Default,EF1+,cpSubstat,None,,,,,,
Default,EF1+,cpSupplySubstation,None,,,,,,
Default,EF1+,cpSupplyTransformer,None,,,,,,
Default,EF1+,cpSupplyTrfStation,None,,,,,,
Default,EF1+,cpZone,None,,,,,,
Default,EF1+,dat_src,None,,,,,,
Default,EF1+,dataExtUnit,None,,,,,,
Default,EF1+,fold_id,None,,,,,,
Default,EF1+,for_name,None,,,,,,
Default,EF1+,gnrl_modby,None,,,,,,
Default,EF1+,gnrl_modif,None,,,,,,
Default,EF1+,iSchemeStatus,None,,,,,,
Default,EF1+,iacceptblock,None,,,,,,
Default,EF1+,idir,None,,,,,,
Default,EF1+,loc_name,None,,,,,,
Default,EF1+,minresptime,None,,,,,,
Default,EF1+,outserv,Protection/Group1/Overcurrent/EarthFaultOvercurrent/EF1F/,First,use_setting,D,,,
Default,EF1+,pcharac,Protection/Group1/Overcurrent/EarthFaultOvercurrent/ForwardPowerflow/First/,Curve,use_setting,None,,,
Default,EF1+,resetdis,None,,,,,,
Default,EF1+,root_id,None,,,,,,
Default,EF1+,typ_id,None,,,,,,
Default,EF1+,udeftmax,Protection/Group1/Overcurrent/EarthFaultOvercurrent/ForwardPowerflow/First/,MaxTrippingTime,use_setting,None,,,
Default,EF1+,udeftmin,Protection/Group1/Overcurrent/EarthFaultOvercurrent/ForwardPowerflow/First/,DefiniteMinimumTime,use_setting,None,,,
Default,EF1+ Minimum Current Multiplier,AttributeType,None,,,,,,
Default,EF1+ Minimum Current Multiplier,Ipset,Protection/Group1/Overcurrent/EarthFaultOvercurrent/ForwardPowerflow/First/,MinimumCurrentMultiplier,use_setting,None,,,
Default,EF1+ Minimum Current Multiplier,Ipsetr,None,,,,,,
Default,EF1+ Minimum Current Multiplier,Trelblock,None,,,,,,
Default,EF1+ Minimum Current Multiplier,Tset,None,,,,,,
Default,EF1+ Minimum Current Multiplier,cDisplayName,None,,,,,,
Default,EF1+ Minimum Current Multiplier,cTset,None,,,,,,
Default,EF1+ Minimum Current Multiplier,cUserDefIndex,None,,,,,,
Default,EF1+ Minimum Current Multiplier,c_sfansi,None,,,,,,
Default,EF1+ Minimum Current Multiplier,c_sfiec,None,,,,,,
Default,EF1+ Minimum Current Multiplier,c_type,None,,,,,,
Default,EF1+ Minimum Current Multiplier,calcuse,None,,,,,,
Default,EF1+ Minimum Current Multiplier,charact,None,,,,,,
Default,EF1+ Minimum Current Multiplier,chr_name,None,,,,,,
Default,EF1+ Minimum Current Multiplier,ciDist,None,,,,,,
Default,EF1+ Minimum Current Multiplier,ciDistAll,None,,,,,,
Default,EF1+ Minimum Current Multiplier,ciDistAllRoot,None,,,,,,
Default,EF1+ Minimum Current Multiplier,ciDistRoot,None,,,,,,
Default,EF1+ Minimum Current Multiplier,ciEarthed,None,,,,,,
Default,EF1+ Minimum Current Multiplier,ciEnergized,None,,,,,,
Default,EF1+ Minimum Current Multiplier,ciLater,None,,,,,,
Default,EF1+ Minimum Current Multiplier,ciOutaged,None,,,,,,
Default,EF1+ Minimum Current Multiplier,cpArea,None,,,,,,
Default,EF1+ Minimum Current Multiplier,cpBranch,None,,,,,,
Default,EF1+ Minimum Current Multiplier,cpFeed,None,,,,,,
Default,EF1+ Minimum Current Multiplier,cpGrid,None,,,,,,
Default,EF1+ Minimum Current Multiplier,cpHeadFold,None,,,,,,
Default,EF1+ Minimum Current Multiplier,cpMeteostat,None,,,,,,
Default,EF1+ Minimum Current Multiplier,cpOperator,None,,,,,,
Default,EF1+ Minimum Current Multiplier,cpOwner,None,,,,,,
Default,EF1+ Minimum Current Multiplier,cpSite,None,,,,,,
Default,EF1+ Minimum Current Multiplier,cpSubstat,None,,,,,,
Default,EF1+ Minimum Current Multiplier,cpSupplySubstation,None,,,,,,
Default,EF1+ Minimum Current Multiplier,cpSupplyTransformer,None,,,,,,
Default,EF1+ Minimum Current Multiplier,cpSupplyTrfStation,None,,,,,,
Default,EF1+ Minimum Current Multiplier,cpZone,None,,,,,,
Default,EF1+ Minimum Current Multiplier,cptotime,None,,,,,,
Default,EF1+ Minimum Current Multiplier,dat_src,None,,,,,,
Default,EF1+ Minimum Current Multiplier,dataExtUnit,None,,,,,,
Default,EF1+ Minimum Current Multiplier,fold_id,None,,,,,,
Default,EF1+ Minimum Current Multiplier,for_name,None,,,,,,
Default,EF1+ Minimum Current Multiplier,gnrl_modby,None,,,,,,
Default,EF1+ Minimum Current Multiplier,gnrl_modif,None,,,,,,
Default,EF1+ Minimum Current Multiplier,iSchemeStatus,None,,,,,,
Default,EF1+ Minimum Current Multiplier,iacceptblock,None,,,,,,
Default,EF1+ Minimum Current Multiplier,idir,None,,,,,,
Default,EF1+ Minimum Current Multiplier,loc_name,None,,,,,,
Default,EF1+ Minimum Current Multiplier,outserv,Protection/Group1/Overcurrent/EarthFaultOvercurrent/EF1F/,First,use_setting,D,,,
Default,EF1+ Minimum Current Multiplier,root_id,None,,,,,,
Default,EF1+ Minimum Current Multiplier,typ_id,None,,,,,,
Default,EF2+,AttributeType,None,,,,,,
Default,EF2+,Ipset,None,,,,,,
Default,EF2+,Ipsetr,Protection/Group1/Overcurrent/EarthFaultOvercurrent/ForwardPowerflow/Second/,PickupCurrent,use_setting,None,,,
Default,EF2+,ModFrame,None,,,,,,
Default,EF2+,ResetT,None,,,,,,
Default,EF2+,Tadder,Protection/Group1/Overcurrent/EarthFaultOvercurrent/ForwardPowerflow/Second/,AdditionalTime,use_setting,None,,,
Default,EF2+,Tpset,Protection/Group1/Overcurrent/EarthFaultOvercurrent/ForwardPowerflow/Second/,TimeMultiplier,use_setting,None,,,
Default,EF2+,Trelblock,None,,,,,,
Default,EF2+,Tshift,None,,,,,,
Default,EF2+,cDisplayName,None,,,,,,
Default,EF2+,cResetT,None,,,,,,
Default,EF2+,cTadder,None,,,,,,
Default,EF2+,cUserDefIndex,None,,,,,,
Default,EF2+,c_sfansi,None,,,,,,
Default,EF2+,c_sfiec,None,,,,,,
Default,EF2+,c_type,None,,,,,,
Default,EF2+,calcuse,None,,,,,,
Default,EF2+,charact,None,,,,,,
Default,EF2+,chr_name,None,,,,,,
Default,EF2+,ciDist,None,,,,,,
Default,EF2+,ciDistAll,None,,,,,,
Default,EF2+,ciDistAllRoot,None,,,,,,
Default,EF2+,ciDistRoot,None,,,,,,
Default,EF2+,ciEarthed,None,,,,,,
Default,EF2+,ciEnergized,None,,,,,,
Default,EF2+,ciLater,None,,,,,,
Default,EF2+,ciOutaged,None,,,,,,
Default,EF2+,cminresptime,None,,,,,,
Default,EF2+,cpArea,None,,,,,,
Default,EF2+,cpBranch,None,,,,,,
Default,EF2+,cpFeed,None,,,,,,
Default,EF2+,cpGrid,None,,,,,,
Default,EF2+,cpHeadFold,None,,,,,,
Default,EF2+,cpMeteostat,None,,,,,,
Default,EF2+,cpOperator,None,,,,,,
Default,EF2+,cpOwner,None,,,,,,
Default,EF2+,cpSite,None,,,,,,
Default,EF2+,cpSubstat,None,,,,,,
Default,EF2+,cpSupplySubstation,None,,,,,,
Default,EF2+,cpSupplyTransformer,None,,,,,,
Default,EF2+,cpSupplyTrfStation,None,,,,,,
Default,EF2+,cpZone,None,,,,,,
Default,EF2+,dat_src,None,,,,,,
Default,EF2+,dataExtUnit,None,,,,,,
Default,EF2+,fold_id,None,,,,,,
Default,EF2+,for_name,None,,,,,,
Default,EF2+,gnrl_modby,None,,,,,,
Default,EF2+,gnrl_modif,None,,,,,,
Default,EF2+,iSchemeStatus,None,,,,,,
Default,EF2+,iacceptblock,None,,,,,,
Default,EF2+,idir,None,,,,,,
Default,EF2+,loc_name,None,,,,,,
Default,EF2+,minresptime,None,,,,,,
Default,EF2+,outserv,Protection/Group1/Overcurrent/EarthFaultOvercurrent/EF2F/,First,use_setting,D,,,
Default,EF2+,pcharac,Protection/Group1/Overcurrent/EarthFaultOvercurrent/ForwardPowerflow/Second/,Curve,use_setting,None,,,
Default,EF2+,resetdis,None,,,,,,
Default,EF2+,root_id,None,,,,,,
Default,EF2+,typ_id,None,,,,,,
Default,EF2+,udeftmax,Protection/Group1/Overcurrent/EarthFaultOvercurrent/ForwardPowerflow/Second/,MaxTrippingTime,use_setting,None,,,
Default,EF2+,udeftmin,Protection/Group1/Overcurrent/EarthFaultOvercurrent/ForwardPowerflow/Second/,DefiniteMinimumTime,use_setting,None,,,
Default,EF2+ Minimum Current Multiplier,AttributeType,None,,,,,,
Default,EF2+ Minimum Current Multiplier,Ipset,Protection/Group1/Overcurrent/EarthFaultOvercurrent/ForwardPowerflow/Second/,MinimumCurrentMultiplier,use_setting,None,,,
Default,EF2+ Minimum Current Multiplier,Ipsetr,None,,,,,,
Default,EF2+ Minimum Current Multiplier,Trelblock,None,,,,,,
Default,EF2+ Minimum Current Multiplier,Tset,None,,,,,,
Default,EF2+ Minimum Current Multiplier,cDisplayName,None,,,,,,
Default,EF2+ Minimum Current Multiplier,cTset,None,,,,,,
Default,EF2+ Minimum Current Multiplier,cUserDefIndex,None,,,,,,
Default,EF2+ Minimum Current Multiplier,c_sfansi,None,,,,,,
Default,EF2+ Minimum Current Multiplier,c_sfiec,None,,,,,,
Default,EF2+ Minimum Current Multiplier,c_type,None,,,,,,
Default,EF2+ Minimum Current Multiplier,calcuse,None,,,,,,
Default,EF2+ Minimum Current Multiplier,charact,None,,,,,,
Default,EF2+ Minimum Current Multiplier,chr_name,None,,,,,,
Default,EF2+ Minimum Current Multiplier,ciDist,None,,,,,,
Default,EF2+ Minimum Current Multiplier,ciDistAll,None,,,,,,
Default,EF2+ Minimum Current Multiplier,ciDistAllRoot,None,,,,,,
Default,EF2+ Minimum Current Multiplier,ciDistRoot,None,,,,,,
Default,EF2+ Minimum Current Multiplier,ciEarthed,None,,,,,,
Default,EF2+ Minimum Current Multiplier,ciEnergized,None,,,,,,
Default,EF2+ Minimum Current Multiplier,ciLater,None,,,,,,
Default,EF2+ Minimum Current Multiplier,ciOutaged,None,,,,,,
Default,EF2+ Minimum Current Multiplier,cpArea,None,,,,,,
Default,EF2+ Minimum Current Multiplier,cpBranch,None,,,,,,
Default,EF2+ Minimum Current Multiplier,cpFeed,None,,,,,,
Default,EF2+ Minimum Current Multiplier,cpGrid,None,,,,,,
Default,EF2+ Minimum Current Multiplier,cpHeadFold,None,,,,,,
Default,EF2+ Minimum Current Multiplier,cpMeteostat,None,,,,,,
Default,EF2+ Minimum Current Multiplier,cpOperator,None,,,,,,
Default,EF2+ Minimum Current Multiplier,cpOwner,None,,,,,,
Default,EF2+ Minimum Current Multiplier,cpSite,None,,,,,,
Default,EF2+ Minimum Current Multiplier,cpSubstat,None,,,,,,
Default,EF2+ Minimum Current Multiplier,cpSupplySubstation,None,,,,,,
Default,EF2+ Minimum Current Multiplier,cpSupplyTransformer,None,,,,,,
Default,EF2+ Minimum Current Multiplier,cpSupplyTrfStation,None,,,,,,
Default,EF2+ Minimum Current Multiplier,cpZone,None,,,,,,
Default,EF2+ Minimum Current Multiplier,cptotime,None,,,,,,
Default,EF2+ Minimum Current Multiplier,dat_src,None,,,,,,
Default,EF2+ Minimum Current Multiplier,dataExtUnit,None,,,,,,
Default,EF2+ Minimum Current Multiplier,fold_id,None,,,,,,
Default,EF2+ Minimum Current Multiplier,for_name,None,,,,,,
Default,EF2+ Minimum Current Multiplier,gnrl_modby,None,,,,,,
Default,EF2+ Minimum Current Multiplier,gnrl_modif,None,,,,,,
Default,EF2+ Minimum Current Multiplier,iSchemeStatus,None,,,,,,
Default,EF2+ Minimum Current Multiplier,iacceptblock,None,,,,,,
Default,EF2+ Minimum Current Multiplier,idir,None,,,,,,
Default,EF2+ Minimum Current Multiplier,loc_name,None,,,,,,
Default,EF2+ Minimum Current Multiplier,outserv,Protection/Group1/Overcurrent/EarthFaultOvercurrent/EF2F/,First,use_setting,D,,,
Default,EF2+ Minimum Current Multiplier,root_id,None,,,,,,
Default,EF2+ Minimum Current Multiplier,typ_id,None,,,,,,
Default,EF3+,AttributeType,None,,,,,,
Default,EF3+,Ipset,None,,,,,,
Default,EF3+,Ipsetr,Protection/Group1/Overcurrent/EarthFaultOvercurrent/ForwardPowerflow/Third/,PickupCurrent,use_setting,None,,,
Default,EF3+,Trelblock,None,,,,,,
Default,EF3+,Tset,Protection/Group1/Overcurrent/EarthFaultOvercurrent/ForwardPowerflow/Third/,TrippingTime,use_setting,None,,,
Default,EF3+,cDisplayName,None,,,,,,
Default,EF3+,cTset,None,,,,,,
Default,EF3+,cUserDefIndex,None,,,,,,
Default,EF3+,c_sfansi,None,,,,,,
Default,EF3+,c_sfiec,None,,,,,,
Default,EF3+,c_type,None,,,,,,
Default,EF3+,calcuse,None,,,,,,
Default,EF3+,charact,None,,,,,,
Default,EF3+,chr_name,None,,,,,,
Default,EF3+,ciDist,None,,,,,,
Default,EF3+,ciDistAll,None,,,,,,
Default,EF3+,ciDistAllRoot,None,,,,,,
Default,EF3+,ciDistRoot,None,,,,,,
Default,EF3+,ciEarthed,None,,,,,,
Default,EF3+,ciEnergized,None,,,,,,
Default,EF3+,ciLater,None,,,,,,
Default,EF3+,ciOutaged,None,,,,,,
Default,EF3+,cpArea,None,,,,,,
Default,EF3+,cpBranch,None,,,,,,
Default,EF3+,cpFeed,None,,,,,,
Default,EF3+,cpGrid,None,,,,,,
Default,EF3+,cpHeadFold,None,,,,,,
Default,EF3+,cpMeteostat,None,,,,,,
Default,EF3+,cpOperator,None,,,,,,
Default,EF3+,cpOwner,None,,,,,,
Default,EF3+,cpSite,None,,,,,,
Default,EF3+,cpSubstat,None,,,,,,
Default,EF3+,cpSupplySubstation,None,,,,,,
Default,EF3+,cpSupplyTransformer,None,,,,,,
Default,EF3+,cpSupplyTrfStation,None,,,,,,
Default,EF3+,cpZone,None,,,,,,
Default,EF3+,cptotime,None,,,,,,
Default,EF3+,dat_src,None,,,,,,
Default,EF3+,dataExtUnit,None,,,,,,
Default,EF3+,fold_id,None,,,,,,
Default,EF3+,for_name,None,,,,,,
Default,EF3+,gnrl_modby,None,,,,,,
Default,EF3+,gnrl_modif,None,,,,,,
Default,EF3+,iSchemeStatus,None,,,,,,
Default,EF3+,iacceptblock,None,,,,,,
Default,EF3+,idir,None,,,,,,
Default,EF3+,loc_name,None,,,,,,
Default,EF3+,outserv,Protection/Group1/Overcurrent/EarthFaultOvercurrent/EF3F/,First,use_setting,D,,,
Default,EF3+,root_id,None,,,,,,
Default,EF3+,typ_id,None,,,,,,
Default,SEF+,AttributeType,None,,,,,,
Default,SEF+,Ipset,None,,,,,,
Default,SEF+,Ipsetr,Protection/Group1/Overcurrent/SensitiveEarthFault/ForwardPowerflow/,PickupCurrent,use_setting,None,,,
Default,SEF+,Trelblock,None,,,,,,
Default,SEF+,Tset,Protection/Group1/Overcurrent/SensitiveEarthFault/ForwardPowerflow/,TrippingTime,use_setting,None,,,
Default,SEF+,cDisplayName,None,,,,,,
Default,SEF+,cTset,None,,,,,,
Default,SEF+,cUserDefIndex,None,,,,,,
Default,SEF+,c_sfansi,None,,,,,,
Default,SEF+,c_sfiec,None,,,,,,
Default,SEF+,c_type,None,,,,,,
Default,SEF+,calcuse,None,,,,,,
Default,SEF+,charact,None,,,,,,
Default,SEF+,chr_name,None,,,,,,
Default,SEF+,ciDist,None,,,,,,
Default,SEF+,ciDistAll,None,,,,,,
Default,SEF+,ciDistAllRoot,None,,,,,,
Default,SEF+,ciDistRoot,None,,,,,,
Default,SEF+,ciEarthed,None,,,,,,
Default,SEF+,ciEnergized,None,,,,,,
Default,SEF+,ciLater,None,,,,,,
Default,SEF+,ciOutaged,None,,,,,,
Default,SEF+,cpArea,None,,,,,,
Default,SEF+,cpBranch,None,,,,,,
Default,SEF+,cpFeed,None,,,,,,
Default,SEF+,cpGrid,None,,,,,,
Default,SEF+,cpHeadFold,None,,,,,,
Default,SEF+,cpMeteostat,None,,,,,,
Default,SEF+,cpOperator,None,,,,,,
Default,SEF+,cpOwner,None,,,,,,
Default,SEF+,cpSite,None,,,,,,
Default,SEF+,cpSubstat,None,,,,,,
Default,SEF+,cpSupplySubstation,None,,,,,,
Default,SEF+,cpSupplyTransformer,None,,,,,,
Default,SEF+,cpSupplyTrfStation,None,,,,,,
Default,SEF+,cpZone,None,,,,,,
Default,SEF+,cptotime,None,,,,,,
Default,SEF+,dat_src,None,,,,,,
Default,SEF+,dataExtUnit,None,,,,,,
Default,SEF+,fold_id,None,,,,,,
Default,SEF+,for_name,None,,,,,,
Default,SEF+,gnrl_modby,None,,,,,,
Default,SEF+,gnrl_modif,None,,,,,,
Default,SEF+,iSchemeStatus,None,,,,,,
Default,SEF+,iacceptblock,None,,,,,,
Default,SEF+,idir,None,,,,,,
Default,SEF+,loc_name,None,,,,,,
Default,SEF+,outserv,Protection/Group1/Overcurrent/SensitiveEarthFault/SEFF/,First,use_setting,D,,,
Default,SEF+,root_id,None,,,,,,
Default,SEF+,typ_id,None,,,,,,
Default,Measurement,AttributeType,None,,,,,,
Default,Measurement,Inom,None,,,,,,
Default,Measurement,Is,None,,,,,,
Default,Measurement,Unom,None,,,,,,
Default,Measurement,cDisplayName,None,,,,,,
Default,Measurement,cUserDefIndex,None,,,,,,
Default,Measurement,charact,None,,,,,,
Default,Measurement,chr_name,None,,,,,,
Default,Measurement,ciDist,None,,,,,,
Default,Measurement,ciDistAll,None,,,,,,
Default,Measurement,ciDistAllRoot,None,,,,,,
Default,Measurement,ciDistRoot,None,,,,,,
Default,Measurement,ciEarthed,None,,,,,,
Default,Measurement,ciEnergized,None,,,,,,
Default,Measurement,ciLater,None,,,,,,
Default,Measurement,ciOutaged,None,,,,,,
Default,Measurement,cpArea,None,,,,,,
Default,Measurement,cpBranch,None,,,,,,
Default,Measurement,cpFeed,None,,,,,,
Default,Measurement,cpGrid,None,,,,,,
Default,Measurement,cpHeadFold,None,,,,,,
Default,Measurement,cpMeteostat,None,,,,,,
Default,Measurement,cpOperator,None,,,,,,
Default,Measurement,cpOwner,None,,,,,,
Default,Measurement,cpSite,None,,,,,,
Default,Measurement,cpSubstat,None,,,,,,
Default,Measurement,cpSupplySubstation,None,,,,,,
Default,Measurement,cpSupplyTransformer,None,,,,,,
Default,Measurement,cpSupplyTrfStation,None,,,,,,
Default,Measurement,cpZone,None,,,,,,
Default,Measurement,dat_src,None,,,,,,
Default,Measurement,dataExtUnit,None,,,,,,
Default,Measurement,fold_id,None,,,,,,
Default,Measurement,for_name,None,,,,,,
Default,Measurement,gnrl_modby,None,,,,,,
Default,Measurement,gnrl_modif,None,,,,,,
Default,Measurement,iSchemeStatus,None,,,,,,
Default,Measurement,iphase,None,,,,,,
Default,Measurement,loc_name,None,,,,,,
Default,Measurement,outserv,ON,,,,,,
Default,Measurement,root_id,None,,,,,,
Default,Measurement,typ_id,None,,,,,,
Default,OC+ Trip Logic_dip,y1,None,,,,,,
Default,OC+ Trip Logic_dip,y2,None,,,,,,
Default,OC+ Trip Logic_dip,y3,None,,,,,,
Default,OC+ Trip Logic_dip,y4,None,,,,,,
Default,OC+ Trip Logic_dip,y5,None,,,,,,
Default,OC+ Trip Logic,AttributeType,None,,,,,,
Default,OC+ Trip Logic,aDipset,None,,,,,,
Default,OC+ Trip Logic,cDisplayName,None,,,,,,
Default,OC+ Trip Logic,cUserDefIndex,None,,,,,,
Default,OC+ Trip Logic,charact,None,,,,,,
Default,OC+ Trip Logic,chr_name,None,,,,,,
Default,OC+ Trip Logic,ciDist,None,,,,,,
Default,OC+ Trip Logic,ciDistAll,None,,,,,,
Default,OC+ Trip Logic,ciDistAllRoot,None,,,,,,
Default,OC+ Trip Logic,ciDistRoot,None,,,,,,
Default,OC+ Trip Logic,ciEarthed,None,,,,,,
Default,OC+ Trip Logic,ciEnergized,None,,,,,,
Default,OC+ Trip Logic,ciLater,None,,,,,,
Default,OC+ Trip Logic,ciOutaged,None,,,,,,
Default,OC+ Trip Logic,cpArea,None,,,,,,
Default,OC+ Trip Logic,cpBranch,None,,,,,,
Default,OC+ Trip Logic,cpFeed,None,,,,,,
Default,OC+ Trip Logic,cpGrid,None,,,,,,
Default,OC+ Trip Logic,cpHeadFold,None,,,,,,
Default,OC+ Trip Logic,cpMeteostat,None,,,,,,
Default,OC+ Trip Logic,cpOperator,None,,,,,,
Default,OC+ Trip Logic,cpOwner,None,,,,,,
Default,OC+ Trip Logic,cpSite,None,,,,,,
Default,OC+ Trip Logic,cpSubstat,None,,,,,,
Default,OC+ Trip Logic,cpSupplySubstation,None,,,,,,
Default,OC+ Trip Logic,cpSupplyTransformer,None,,,,,,
Default,OC+ Trip Logic,cpSupplyTrfStation,None,,,,,,
Default,OC+ Trip Logic,cpZone,None,,,,,,
Default,OC+ Trip Logic,dat_src,None,,,,,,
Default,OC+ Trip Logic,dataExtUnit,None,,,,,,
Default,OC+ Trip Logic,fold_id,None,,,,,,
Default,OC+ Trip Logic,for_name,None,,,,,,
Default,OC+ Trip Logic,gnrl_modby,None,,,,,,
Default,OC+ Trip Logic,gnrl_modif,None,,,,,,
Default,OC+ Trip Logic,iSchemeStatus,None,,,,,,
Default,OC+ Trip Logic,iout,None,,,,,,
Default,OC+ Trip Logic,loc_name,None,,,,,,
Default,OC+ Trip Logic,outserv,ON,,,,,,
Default,OC+ Trip Logic,pSwitch,None,,,,,,
Default,OC+ Trip Logic,root_id,None,,,,,,
Default,OC+ Trip Logic,sLogic,None,,,,,,
Default,OC+ Trip Logic,sTripsig,None,,,,,,
Default,OC+ Trip Logic,typ_id,None,,,,,,
Default,NPS+ Trip Logic_dip,y1,None,,,,,,
Default,NPS+ Trip Logic_dip,y2,None,,,,,,
Default,NPS+ Trip Logic_dip,y3,None,,,,,,
Default,NPS+ Trip Logic_dip,y4,None,,,,,,
Default,NPS+ Trip Logic_dip,y5,None,,,,,,
Default,NPS+ Trip Logic,AttributeType,None,,,,,,
Default,NPS+ Trip Logic,aDipset,None,,,,,,
Default,NPS+ Trip Logic,cDisplayName,None,,,,,,
Default,NPS+ Trip Logic,cUserDefIndex,None,,,,,,
Default,NPS+ Trip Logic,charact,None,,,,,,
Default,NPS+ Trip Logic,chr_name,None,,,,,,
Default,NPS+ Trip Logic,ciDist,None,,,,,,
Default,NPS+ Trip Logic,ciDistAll,None,,,,,,
Default,NPS+ Trip Logic,ciDistAllRoot,None,,,,,,
Default,NPS+ Trip Logic,ciDistRoot,None,,,,,,
Default,NPS+ Trip Logic,ciEarthed,None,,,,,,
Default,NPS+ Trip Logic,ciEnergized,None,,,,,,
Default,NPS+ Trip Logic,ciLater,None,,,,,,
Default,NPS+ Trip Logic,ciOutaged,None,,,,,,
Default,NPS+ Trip Logic,cpArea,None,,,,,,
Default,NPS+ Trip Logic,cpBranch,None,,,,,,
Default,NPS+ Trip Logic,cpFeed,None,,,,,,
Default,NPS+ Trip Logic,cpGrid,None,,,,,,
Default,NPS+ Trip Logic,cpHeadFold,None,,,,,,
Default,NPS+ Trip Logic,cpMeteostat,None,,,,,,
Default,NPS+ Trip Logic,cpOperator,None,,,,,,
Default,NPS+ Trip Logic,cpOwner,None,,,,,,
Default,NPS+ Trip Logic,cpSite,None,,,,,,
Default,NPS+ Trip Logic,cpSubstat,None,,,,,,
Default,NPS+ Trip Logic,cpSupplySubstation,None,,,,,,
Default,NPS+ Trip Logic,cpSupplyTransformer,None,,,,,,
Default,NPS+ Trip Logic,cpSupplyTrfStation,None,,,,,,
Default,NPS+ Trip Logic,cpZone,None,,,,,,
Default,NPS+ Trip Logic,dat_src,None,,,,,,
Default,NPS+ Trip Logic,dataExtUnit,None,,,,,,
Default,NPS+ Trip Logic,fold_id,None,,,,,,
Default,NPS+ Trip Logic,for_name,None,,,,,,
Default,NPS+ Trip Logic,gnrl_modby,None,,,,,,
Default,NPS+ Trip Logic,gnrl_modif,None,,,,,,
Default,NPS+ Trip Logic,iSchemeStatus,None,,,,,,
Default,NPS+ Trip Logic,iout,None,,,,,,
Default,NPS+ Trip Logic,loc_name,None,,,,,,
Default,NPS+ Trip Logic,outserv,ON,,,,,,
Default,NPS+ Trip Logic,pSwitch,None,,,,,,
Default,NPS+ Trip Logic,root_id,None,,,,,,
Default,NPS+ Trip Logic,sLogic,None,,,,,,
Default,NPS+ Trip Logic,sTripsig,None,,,,,,
Default,NPS+ Trip Logic,typ_id,None,,,,,,
Default,EF+ Trip Logic_dip,y1,None,,,,,,
Default,EF+ Trip Logic_dip,y2,None,,,,,,
Default,EF+ Trip Logic_dip,y3,None,,,,,,
Default,EF+ Trip Logic_dip,y4,None,,,,,,
Default,EF+ Trip Logic_dip,y5,None,,,,,,
Default,EF+ Trip Logic_dip,y6,None,,,,,,
Default,EF+ Trip Logic,AttributeType,None,,,,,,
Default,EF+ Trip Logic,aDipset,None,,,,,,
Default,EF+ Trip Logic,cDisplayName,None,,,,,,
Default,EF+ Trip Logic,cUserDefIndex,None,,,,,,
Default,EF+ Trip Logic,charact,None,,,,,,
Default,EF+ Trip Logic,chr_name,None,,,,,,
Default,EF+ Trip Logic,ciDist,None,,,,,,
Default,EF+ Trip Logic,ciDistAll,None,,,,,,
Default,EF+ Trip Logic,ciDistAllRoot,None,,,,,,
Default,EF+ Trip Logic,ciDistRoot,None,,,,,,
Default,EF+ Trip Logic,ciEarthed,None,,,,,,
Default,EF+ Trip Logic,ciEnergized,None,,,,,,
Default,EF+ Trip Logic,ciLater,None,,,,,,
Default,EF+ Trip Logic,ciOutaged,None,,,,,,
Default,EF+ Trip Logic,cpArea,None,,,,,,
Default,EF+ Trip Logic,cpBranch,None,,,,,,
Default,EF+ Trip Logic,cpFeed,None,,,,,,
Default,EF+ Trip Logic,cpGrid,None,,,,,,
Default,EF+ Trip Logic,cpHeadFold,None,,,,,,
Default,EF+ Trip Logic,cpMeteostat,None,,,,,,
Default,EF+ Trip Logic,cpOperator,None,,,,,,
Default,EF+ Trip Logic,cpOwner,None,,,,,,
Default,EF+ Trip Logic,cpSite,None,,,,,,
Default,EF+ Trip Logic,cpSubstat,None,,,,,,
Default,EF+ Trip Logic,cpSupplySubstation,None,,,,,,
Default,EF+ Trip Logic,cpSupplyTransformer,None,,,,,,
Default,EF+ Trip Logic,cpSupplyTrfStation,None,,,,,,
Default,EF+ Trip Logic,cpZone,None,,,,,,
Default,EF+ Trip Logic,dat_src,None,,,,,,
Default,EF+ Trip Logic,dataExtUnit,None,,,,,,
Default,EF+ Trip Logic,fold_id,None,,,,,,
Default,EF+ Trip Logic,for_name,None,,,,,,
Default,EF+ Trip Logic,gnrl_modby,None,,,,,,
Default,EF+ Trip Logic,gnrl_modif,None,,,,,,
Default,EF+ Trip Logic,iSchemeStatus,None,,,,,,
Default,EF+ Trip Logic,iout,None,,,,,,
Default,EF+ Trip Logic,loc_name,None,,,,,,
Default,EF+ Trip Logic,outserv,ON,,,,,,
Default,EF+ Trip Logic,pSwitch,None,,,,,,
Default,EF+ Trip Logic,root_id,None,,,,,,
Default,EF+ Trip Logic,sLogic,None,,,,,,
Default,EF+ Trip Logic,sTripsig,None,,,,,,
Default,EF+ Trip Logic,typ_id,None,,,,,,
Default,0 Current Detector,AttributeType,None,,,,,,
Default,0 Current Detector,Ipset,None,,,,,,
Default,0 Current Detector,Ipsetr,None,,,,,,
Default,0 Current Detector,Trelblock,None,,,,,,
Default,0 Current Detector,Tset,None,,,,,,
Default,0 Current Detector,cDisplayName,None,,,,,,
Default,0 Current Detector,cTset,None,,,,,,
Default,0 Current Detector,cUserDefIndex,None,,,,,,
Default,0 Current Detector,c_sfansi,None,,,,,,
Default,0 Current Detector,c_sfiec,None,,,,,,
Default,0 Current Detector,c_type,None,,,,,,
Default,0 Current Detector,calcuse,None,,,,,,
Default,0 Current Detector,charact,None,,,,,,
Default,0 Current Detector,chr_name,None,,,,,,
Default,0 Current Detector,ciDist,None,,,,,,
Default,0 Current Detector,ciDistAll,None,,,,,,
Default,0 Current Detector,ciDistAllRoot,None,,,,,,
Default,0 Current Detector,ciDistRoot,None,,,,,,
Default,0 Current Detector,ciEarthed,None,,,,,,
Default,0 Current Detector,ciEnergized,None,,,,,,
Default,0 Current Detector,ciLater,None,,,,,,
Default,0 Current Detector,ciOutaged,None,,,,,,
Default,0 Current Detector,cpArea,None,,,,,,
Default,0 Current Detector,cpBranch,None,,,,,,
Default,0 Current Detector,cpFeed,None,,,,,,
Default,0 Current Detector,cpGrid,None,,,,,,
Default,0 Current Detector,cpHeadFold,None,,,,,,
Default,0 Current Detector,cpMeteostat,None,,,,,,
Default,0 Current Detector,cpOperator,None,,,,,,
Default,0 Current Detector,cpOwner,None,,,,,,
Default,0 Current Detector,cpSite,None,,,,,,
Default,0 Current Detector,cpSubstat,None,,,,,,
Default,0 Current Detector,cpSupplySubstation,None,,,,,,
Default,0 Current Detector,cpSupplyTransformer,None,,,,,,
Default,0 Current Detector,cpSupplyTrfStation,None,,,,,,
Default,0 Current Detector,cpZone,None,,,,,,
Default,0 Current Detector,cptotime,None,,,,,,
Default,0 Current Detector,dat_src,None,,,,,,
Default,0 Current Detector,dataExtUnit,None,,,,,,
Default,0 Current Detector,fold_id,None,,,,,,
Default,0 Current Detector,for_name,None,,,,,,
Default,0 Current Detector,gnrl_modby,None,,,,,,
Default,0 Current Detector,gnrl_modif,None,,,,,,
Default,0 Current Detector,iSchemeStatus,None,,,,,,
Default,0 Current Detector,iacceptblock,None,,,,,,
Default,0 Current Detector,idir,None,,,,,,
Default,0 Current Detector,loc_name,None,,,,,,
Default,0 Current Detector,outserv,ON,,,,,,
Default,0 Current Detector,root_id,None,,,,,,
Default,0 Current Detector,typ_id,None,,,,,,
