FOLDER,ELEMENT,ATTRIBUTE,,,,,,,,
P12x,default,AttributeType,None,,,,,,,
P12x,default,actset,None,,,,,,,
P12x,default,application,None,,,,,,,
P12x,default,appr_modby,None,,,,,,,
P12x,default,appr_modif,None,,,,,,,
P12x,default,appr_status,None,,,,,,,
P12x,default,cDisplayName,None,,,,,,,
P12x,default,cUserDefIndex,None,,,,,,,
P12x,default,c_category,None,,,,,,,
P12x,default,cbranch,None,,,,,,,
P12x,default,cbranchid,None,,,,,,,
P12x,default,cctprim,None,,,,,,,
P12x,default,cctsec,None,,,,,,,
P12x,default,ccub,None,,,,,,,
P12x,default,charact,None,,,,,,,
P12x,default,chr_name,None,,,,,,,
P12x,default,ciDist,None,,,,,,,
P12x,default,ciDistAll,None,,,,,,,
P12x,default,ciDistAllRoot,None,,,,,,,
P12x,default,ciDistRoot,None,,,,,,,
P12x,default,ciEarthed,None,,,,,,,
P12x,default,ciEnergized,None,,,,,,,
P12x,default,ciLater,None,,,,,,,
P12x,default,ciOutaged,None,,,,,,,
P12x,default,cn_bus,None,,,,,,,
P12x,default,cn_rembus,None,,,,,,,
P12x,default,constr,None,,,,,,,
P12x,default,contents,None,,,,,,,
P12x,default,cpArea,None,,,,,,,
P12x,default,cpBranch,None,,,,,,,
P12x,default,cpCt,None,,,,,,,
P12x,default,cpFeed,None,,,,,,,
P12x,default,cpGrid,None,,,,,,,
P12x,default,cpHeadFold,None,,,,,,,
P12x,default,cpMeteostat,None,,,,,,,
P12x,default,cpOperator,None,,,,,,,
P12x,default,cpOwner,None,,,,,,,
P12x,default,cpShc,None,,,,,,,
P12x,default,cpSite,None,,,,,,,
P12x,default,cpSubstat,None,,,,,,,
P12x,default,cpSupplySubstation,None,,,,,,,
P12x,default,cpSupplyTransformer,None,,,,,,,
P12x,default,cpSupplyTrfStation,None,,,,,,,
P12x,default,cpVt,None,,,,,,,
P12x,default,cpZone,None,,,,,,,
P12x,default,ctprim,None,,,,,,,
P12x,default,ctsec,None,,,,,,,
P12x,default,cvtprim,None,,,,,,,
P12x,default,cvtsec,None,,,,,,,
P12x,default,dat_src,None,,,,,,,
P12x,default,dataExtUnit,None,,,,,,,
P12x,default,desc,None,,,,,,,
P12x,default,dev_no,None,,,,,,,
P12x,default,doc_id,None,,,,,,,
P12x,default,efaultmaxi,None,,,,,,,
P12x,default,efaultmini,None,,,,,,,
P12x,default,fold_id,None,,,,,,,
P12x,default,for_name,None,,,,,,,
P12x,default,gnrl_modby,None,,,,,,,
P12x,default,gnrl_modif,None,,,,,,,
P12x,default,iComDate,None,,,,,,,
P12x,default,iSchemeStatus,None,,,,,,,
P12x,default,isSubRelay,None,,,,,,,
P12x,default,loc_name,None,,,,,,,
P12x,default,outserv,None,,,,,,,
P12x,default,pOperator,None,,,,,,,
P12x,default,pOwner,None,,,,,,,
P12x,default,pReference,None,,,,,,,
P12x,default,pdiselm,None,,,,,,,
P12x,default,pelm,None,,,,,,,
P12x,default,phfaultmaxi,None,,,,,,,
P12x,default,phfaultmini,None,,,,,,,
P12x,default,root_id,None,,,,,,,
P12x,default,sernum,None,,,,,,,
P12x,default,sw_settingsGroups,None,,,,,,,
P12x,default,td_bR,None,,,,,,,
P12x,default,td_bRC,None,,,,,,,
P12x,default,td_bX,None,,,,,,,
P12x,default,td_bXC,None,,,,,,,
P12x,default,td_bZ,None,,,,,,,
P12x,default,td_bZC,None,,,,,,,
P12x,default,td_blim,None,,,,,,,
P12x,default,td_bobj,None,,,,,,,
P12x,default,td_bphi,None,,,,,,,
P12x,default,td_bphiC,None,,,,,,,
P12x,default,td_bpos,None,,,,,,,
P12x,default,td_btpbk,None,,,,,,,
P12x,default,td_btrip,None,,,,,,,
P12x,default,td_cnt,None,,,,,,,
P12x,default,td_fR,None,,,,,,,
P12x,default,td_fRC,None,,,,,,,
P12x,default,td_fX,None,,,,,,,
P12x,default,td_fXC,None,,,,,,,
P12x,default,td_fZ,None,,,,,,,
P12x,default,td_fZC,None,,,,,,,
P12x,default,td_flim,None,,,,,,,
P12x,default,td_fobj,None,,,,,,,
P12x,default,td_fphi,None,,,,,,,
P12x,default,td_fphiC,None,,,,,,,
P12x,default,td_fpos,None,,,,,,,
P12x,default,td_ftpbk,None,,,,,,,
P12x,default,td_ftrip,None,,,,,,,
P12x,default,typ_id,None,,,,,,,
P12x,default,vtprim,None,,,,,,,
P12x,default,vtsec,None,,,,,,,
P12x,default,zratio,None,,,,,,,
default,Measure Ph,AttributeType,None,,,,,,,
default,Measure Ph,Inom,CONFIGURATION/CT RATIO/,120,use_setting,None,,,,
default,Measure Ph,Is,None,,,,,,,
default,Measure Ph,Unom,None,,,,,,,
default,Measure Ph,cDisplayName,None,,,,,,,
default,Measure Ph,cUserDefIndex,None,,,,,,,
default,Measure Ph,charact,None,,,,,,,
default,Measure Ph,chr_name,None,,,,,,,
default,Measure Ph,ciDist,None,,,,,,,
default,Measure Ph,ciDistAll,None,,,,,,,
default,Measure Ph,ciDistAllRoot,None,,,,,,,
default,Measure Ph,ciDistRoot,None,,,,,,,
default,Measure Ph,ciEarthed,None,,,,,,,
default,Measure Ph,ciEnergized,None,,,,,,,
default,Measure Ph,ciLater,None,,,,,,,
default,Measure Ph,ciOutaged,None,,,,,,,
default,Measure Ph,cpArea,None,,,,,,,
default,Measure Ph,cpBranch,None,,,,,,,
default,Measure Ph,cpFeed,None,,,,,,,
default,Measure Ph,cpGrid,None,,,,,,,
default,Measure Ph,cpHeadFold,None,,,,,,,
default,Measure Ph,cpMeteostat,None,,,,,,,
default,Measure Ph,cpOperator,None,,,,,,,
default,Measure Ph,cpOwner,None,,,,,,,
default,Measure Ph,cpSite,None,,,,,,,
default,Measure Ph,cpSubstat,None,,,,,,,
default,Measure Ph,cpSupplySubstation,None,,,,,,,
default,Measure Ph,cpSupplyTransformer,None,,,,,,,
default,Measure Ph,cpSupplyTrfStation,None,,,,,,,
default,Measure Ph,cpZone,None,,,,,,,
default,Measure Ph,dat_src,None,,,,,,,
default,Measure Ph,dataExtUnit,None,,,,,,,
default,Measure Ph,fold_id,None,,,,,,,
default,Measure Ph,for_name,None,,,,,,,
default,Measure Ph,gnrl_modby,None,,,,,,,
default,Measure Ph,gnrl_modif,None,,,,,,,
default,Measure Ph,iSchemeStatus,None,,,,,,,
default,Measure Ph,iphase,None,,,,,,,
default,Measure Ph,loc_name,None,,,,,,,
default,Measure Ph,outserv,ON,,,,,,,
default,Measure Ph,root_id,None,,,,,,,
default,Measure Ph,typ_id,None,,,,,,,
default,Measure Seq,AttributeType,None,,,,,,,
default,Measure Seq,Inom,CONFIGURATION/CT RATIO/,123,use_setting,None,,,,
default,Measure Seq,Is,None,,,,,,,
default,Measure Seq,Unom,None,,,,,,,
default,Measure Seq,cDisplayName,None,,,,,,,
default,Measure Seq,cUserDefIndex,None,,,,,,,
default,Measure Seq,charact,None,,,,,,,
default,Measure Seq,chr_name,None,,,,,,,
default,Measure Seq,ciDist,None,,,,,,,
default,Measure Seq,ciDistAll,None,,,,,,,
default,Measure Seq,ciDistAllRoot,None,,,,,,,
default,Measure Seq,ciDistRoot,None,,,,,,,
default,Measure Seq,ciEarthed,None,,,,,,,
default,Measure Seq,ciEnergized,None,,,,,,,
default,Measure Seq,ciLater,None,,,,,,,
default,Measure Seq,ciOutaged,None,,,,,,,
default,Measure Seq,cpArea,None,,,,,,,
default,Measure Seq,cpBranch,None,,,,,,,
default,Measure Seq,cpFeed,None,,,,,,,
default,Measure Seq,cpGrid,None,,,,,,,
default,Measure Seq,cpHeadFold,None,,,,,,,
default,Measure Seq,cpMeteostat,None,,,,,,,
default,Measure Seq,cpOperator,None,,,,,,,
default,Measure Seq,cpOwner,None,,,,,,,
default,Measure Seq,cpSite,None,,,,,,,
default,Measure Seq,cpSubstat,None,,,,,,,
default,Measure Seq,cpSupplySubstation,None,,,,,,,
default,Measure Seq,cpSupplyTransformer,None,,,,,,,
default,Measure Seq,cpSupplyTrfStation,None,,,,,,,
default,Measure Seq,cpZone,None,,,,,,,
default,Measure Seq,dat_src,None,,,,,,,
default,Measure Seq,dataExtUnit,None,,,,,,,
default,Measure Seq,fold_id,None,,,,,,,
default,Measure Seq,for_name,None,,,,,,,
default,Measure Seq,gnrl_modby,None,,,,,,,
default,Measure Seq,gnrl_modif,None,,,,,,,
default,Measure Seq,iSchemeStatus,None,,,,,,,
default,Measure Seq,iphase,None,,,,,,,
default,Measure Seq,loc_name,None,,,,,,,
default,Measure Seq,outserv,ON,,,,,,,
default,Measure Seq,root_id,None,,,,,,,
default,Measure Seq,typ_id,None,,,,,,,
default,Reclosing_logic,IM,PROTECTION G1/[79] AUTORECLOSE/,281,use_setting,+,1,ALL,None,None
default,Reclosing_logic,IMM,PROTECTION G1/[79] AUTORECLOSE/,281,use_setting,+,1,ALL,None,None
default,Reclosing_logic,IMMM,PROTECTION G1/[79] AUTORECLOSE/,281,use_setting,+,1,ALL,None,None
default,Reclosing_logic,INM,PROTECTION G1/[79] AUTORECLOSE/,282,use_setting,+,1,ALL,None,None
default,Reclosing_logic,INMM,PROTECTION G1/[79] AUTORECLOSE/,282,use_setting,+,1,ALL,None,None
default,Reclosing_logic,INMMM,PROTECTION G1/[79] AUTORECLOSE/,282,use_setting,+,1,ALL,None,None
default,Reclosing_logic,Ineg,PROTECTION G1/[46] NEG SEQ OC/,025C,use_setting,None,ALL,no,N,
default,Reclosing,AttributeType,None,,,,,,,
default,Reclosing,SEFtripblock,None,,,,,,,
default,Reclosing,SEFtriptolock,None,,,,,,,
default,Reclosing,TCC1op,None,,,,,,,
default,Reclosing,cDisplayName,None,,,,,,,
default,Reclosing,cUserDefIndex,None,,,,,,,
default,Reclosing,c_type,None,,,,,,,
default,Reclosing,cclactivationt,None,,,,,,,
default,Reclosing,cclosingcomtime,None,,,,,,,
default,Reclosing,cclrecloseinterval,None,,,,,,,
default,Reclosing,charact,None,,,,,,,
default,Reclosing,chr_name,None,,,,,,,
default,Reclosing,ciDist,None,,,,,,,
default,Reclosing,ciDistAll,None,,,,,,,
default,Reclosing,ciDistAllRoot,None,,,,,,,
default,Reclosing,ciDistRoot,None,,,,,,,
default,Reclosing,ciEarthed,None,,,,,,,
default,Reclosing,ciEnergized,None,,,,,,,
default,Reclosing,ciLater,None,,,,,,,
default,Reclosing,ciOutaged,None,,,,,,,
default,Reclosing,clactivationt,None,,,,,,,
default,Reclosing,clenable,None,,,,,,,
default,Reclosing,closingcomtime,None,,,,,,,
default,Reclosing,clrecloseinterval,None,,,,,,,
default,Reclosing,cltripstolockout,None,,,,,,,
default,Reclosing,cpArea,None,,,,,,,
default,Reclosing,cpBranch,None,,,,,,,
default,Reclosing,cpFeed,None,,,,,,,
default,Reclosing,cpGrid,None,,,,,,,
default,Reclosing,cpHeadFold,None,,,,,,,
default,Reclosing,cpMeteostat,None,,,,,,,
default,Reclosing,cpOperator,None,,,,,,,
default,Reclosing,cpOwner,None,,,,,,,
default,Reclosing,cpSite,None,,,,,,,
default,Reclosing,cpSubstat,None,,,,,,,
default,Reclosing,cpSupplySubstation,None,,,,,,,
default,Reclosing,cpSupplyTransformer,None,,,,,,,
default,Reclosing,cpSupplyTrfStation,None,,,,,,,
default,Reclosing,cpZone,None,,,,,,,
default,Reclosing,crecltime1,None,,,,,,,
default,Reclosing,crecltime11ph,None,,,,,,,
default,Reclosing,crecltime2,None,,,,,,,
default,Reclosing,crecltime3,None,,,,,,,
default,Reclosing,crecltime4,None,,,,,,,
default,Reclosing,crecltime5,None,,,,,,,
default,Reclosing,cresettime,None,,,,,,,
default,Reclosing,dat_src,None,,,,,,,
default,Reclosing,dataExtUnit,None,,,,,,,
default,Reclosing,fasttripdisabl,None,,,,,,,
default,Reclosing,fasttripdislock,None,,,,,,,
default,Reclosing,fold_id,None,,,,,,,
default,Reclosing,for_name,None,,,,,,,
default,Reclosing,gnrl_modby,None,,,,,,,
default,Reclosing,gnrl_modif,None,,,,,,,
default,Reclosing,groundtripprec,None,,,,,,,
default,Reclosing,grtripblock,None,,,,,,,
default,Reclosing,hcl1active,None,,,,,,,
default,Reclosing,hcl2active,None,,,,,,,
default,Reclosing,hcl3active,None,,,,,,,
default,Reclosing,hcl4active,None,,,,,,,
default,Reclosing,hctrip1enable,None,,,,,,,
default,Reclosing,hctrip2enable,None,,,,,,,
default,Reclosing,hctrip3enable,None,,,,,,,
default,Reclosing,hctrip4enable,None,,,,,,,
default,Reclosing,hctrip5enable,None,,,,,,,
default,Reclosing,iSchemeStatus,None,,,,,,,
default,Reclosing,ilogic,None,,,,,,,
default,Reclosing,loc_name,None,,,,,,,
default,Reclosing,maxseqcpsno,None,,,,,,,
default,Reclosing,operationmode,None,,,,,,,
default,Reclosing,oplockout,PROTECTION G1/[79] AUTORECLOSE/,281,use_setting,+,1,,,
default,Reclosing,outserv,ON,,,,,,,
default,Reclosing,reclnotactive,PROTECTION G1/[79] AUTORECLOSE/,270,use_setting,No,,,,
default,Reclosing,recltime1,PROTECTION G1/[79] AUTORECLOSE/,277,use_setting,None,,,,
default,Reclosing,recltime11ph,None,,,,,,,
default,Reclosing,recltime2,PROTECTION G1/[79] AUTORECLOSE/,278,use_setting,None,,,,
default,Reclosing,recltime3,PROTECTION G1/[79] AUTORECLOSE/,279,use_setting,None,,,,
default,Reclosing,recltime4,PROTECTION G1/[79] AUTORECLOSE/,027B,use_setting,None,,,,
default,Reclosing,recltime5,None,,,,,,,
default,Reclosing,resettime,PROTECTION G1/[79] AUTORECLOSE/,027D,use_setting,None,,,,
default,Reclosing,root_id,None,,,,,,,
default,Reclosing,seqaccessory,None,,,,,,,
default,Reclosing,starttimeframe,None,,,,,,,
default,Reclosing,typ_id,None,,,,,,,
default,I>,AttributeType,None,,,,,,,
default,I>,Ipset,PROTECTION G1/[50/51] PHASE OC/,201,use_setting,None,,,,
default,I>,Ipsetr,None,,,,,,,
default,I>,ModFrame,None,,,,,,,
default,I>,ResetT,PROTECTION G1/[50/51] PHASE OC/,209,use_setting,None,,,,
default,I>,Tadder,None,,,,,,,
default,I>,Tpset,PROTECTION G1/[50/51] PHASE OC/,204,use_setting,None,,,,
default,I>,Trelblock,None,,,,,,,
default,I>,Tshift,None,,,,,,,
default,I>,cDisplayName,None,,,,,,,
default,I>,cResetT,None,,,,,,,
default,I>,cTadder,None,,,,,,,
default,I>,cUserDefIndex,None,,,,,,,
default,I>,c_sfansi,None,,,,,,,
default,I>,c_sfiec,None,,,,,,,
default,I>,c_type,None,,,,,,,
default,I>,calcuse,None,,,,,,,
default,I>,charact,None,,,,,,,
default,I>,chr_name,None,,,,,,,
default,I>,ciDist,None,,,,,,,
default,I>,ciDistAll,None,,,,,,,
default,I>,ciDistAllRoot,None,,,,,,,
default,I>,ciDistRoot,None,,,,,,,
default,I>,ciEarthed,None,,,,,,,
default,I>,ciEnergized,None,,,,,,,
default,I>,ciLater,None,,,,,,,
default,I>,ciOutaged,None,,,,,,,
default,I>,cminresptime,None,,,,,,,
default,I>,cpArea,None,,,,,,,
default,I>,cpBranch,None,,,,,,,
default,I>,cpFeed,None,,,,,,,
default,I>,cpGrid,None,,,,,,,
default,I>,cpHeadFold,None,,,,,,,
default,I>,cpMeteostat,None,,,,,,,
default,I>,cpOperator,None,,,,,,,
default,I>,cpOwner,None,,,,,,,
default,I>,cpSite,None,,,,,,,
default,I>,cpSubstat,None,,,,,,,
default,I>,cpSupplySubstation,None,,,,,,,
default,I>,cpSupplyTransformer,None,,,,,,,
default,I>,cpSupplyTrfStation,None,,,,,,,
default,I>,cpZone,None,,,,,,,
default,I>,dat_src,None,,,,,,,
default,I>,dataExtUnit,None,,,,,,,
default,I>,fold_id,None,,,,,,,
default,I>,for_name,None,,,,,,,
default,I>,gnrl_modby,None,,,,,,,
default,I>,gnrl_modif,None,,,,,,,
default,I>,iSchemeStatus,None,,,,,,,
default,I>,iacceptblock,None,,,,,,,
default,I>,idir,None,,,,,,,
default,I>,loc_name,None,,,,,,,
default,I>,minresptime,None,,,,,,,
default,I>,outserv,PROTECTION G1/[50/51] PHASE OC/,200,use_setting,No,,,,
default,I>,pcharac,PROTECTION G1/[50/51] PHASE OC/,203,use_setting,None,,,,
default,I>,resetdis,None,,,,,,,
default,I>,root_id,None,,,,,,,
default,I>,typ_id,None,,,,,,,
default,I>,udeftmax,None,,,,,,,
default,I>,udeftmin,None,,,,,,,
default,I2>,AttributeType,None,,,,,,,
default,I2>,Ipset,PROTECTION G1/[46] NEG SEQ OC/,025D,use_setting,None,,,,
default,I2>,Ipsetr,None,,,,,,,
default,I2>,ModFrame,None,,,,,,,
default,I2>,ResetT,None,,,,,,,
default,I2>,Tadder,None,,,,,,,
default,I2>,Tpset,PROTECTION G1/[46] NEG SEQ OC/,260,use_setting,None,,,,
default,I2>,Tpset,PROTECTION G1/[46] NEG SEQ OC/,262,use_setting,None,,,,
default,I2>,Trelblock,None,,,,,,,
default,I2>,Tshift,None,,,,,,,
default,I2>,cDisplayName,None,,,,,,,
default,I2>,cResetT,None,,,,,,,
default,I2>,cTadder,None,,,,,,,
default,I2>,cUserDefIndex,None,,,,,,,
default,I2>,c_sfansi,None,,,,,,,
default,I2>,c_sfiec,None,,,,,,,
default,I2>,c_type,None,,,,,,,
default,I2>,calcuse,None,,,,,,,
default,I2>,charact,None,,,,,,,
default,I2>,chr_name,None,,,,,,,
default,I2>,ciDist,None,,,,,,,
default,I2>,ciDistAll,None,,,,,,,
default,I2>,ciDistAllRoot,None,,,,,,,
default,I2>,ciDistRoot,None,,,,,,,
default,I2>,ciEarthed,None,,,,,,,
default,I2>,ciEnergized,None,,,,,,,
default,I2>,ciLater,None,,,,,,,
default,I2>,ciOutaged,None,,,,,,,
default,I2>,cminresptime,None,,,,,,,
default,I2>,cpArea,None,,,,,,,
default,I2>,cpBranch,None,,,,,,,
default,I2>,cpFeed,None,,,,,,,
default,I2>,cpGrid,None,,,,,,,
default,I2>,cpHeadFold,None,,,,,,,
default,I2>,cpMeteostat,None,,,,,,,
default,I2>,cpOperator,None,,,,,,,
default,I2>,cpOwner,None,,,,,,,
default,I2>,cpSite,None,,,,,,,
default,I2>,cpSubstat,None,,,,,,,
default,I2>,cpSupplySubstation,None,,,,,,,
default,I2>,cpSupplyTransformer,None,,,,,,,
default,I2>,cpSupplyTrfStation,None,,,,,,,
default,I2>,cpZone,None,,,,,,,
default,I2>,dat_src,None,,,,,,,
default,I2>,dataExtUnit,None,,,,,,,
default,I2>,fold_id,None,,,,,,,
default,I2>,for_name,None,,,,,,,
default,I2>,gnrl_modby,None,,,,,,,
default,I2>,gnrl_modif,None,,,,,,,
default,I2>,iSchemeStatus,None,,,,,,,
default,I2>,iacceptblock,None,,,,,,,
default,I2>,idir,None,,,,,,,
default,I2>,loc_name,None,,,,,,,
default,I2>,minresptime,None,,,,,,,
default,I2>,outserv,PROTECTION G1/[46] NEG SEQ OC/,025C,use_setting,No,,,,
default,I2>,pcharac,PROTECTION G1/[46] NEG SEQ OC/,025E,use_setting,None,,,,
default,I2>,pcharac,PROTECTION G1/[46] NEG SEQ OC/,025F,use_setting,None,,,,
default,I2>,resetdis,None,,,,,,,
default,I2>,root_id,None,,,,,,,
default,I2>,typ_id,None,,,,,,,
default,I2>,udeftmax,None,,,,,,,
default,I2>,udeftmin,None,,,,,,,
default,Ie>,AttributeType,None,,,,,,,
default,Ie>,Ipset,PROTECTION G1/[50N/51N] E/Gnd/,231,use_setting,None,,,,
default,Ie>,Ipsetr,None,,,,,,,
default,Ie>,ModFrame,None,,,,,,,
default,Ie>,ResetT,PROTECTION G1/[50N/51N] E/Gnd/,239,use_setting,None,,,,
default,Ie>,Tadder,None,,,,,,,
default,Ie>,Tpset,PROTECTION G1/[50N/51N] E/Gnd/,234,use_setting,None,,,,
default,Ie>,Trelblock,None,,,,,,,
default,Ie>,Tshift,None,,,,,,,
default,Ie>,cDisplayName,None,,,,,,,
default,Ie>,cResetT,None,,,,,,,
default,Ie>,cTadder,None,,,,,,,
default,Ie>,cUserDefIndex,None,,,,,,,
default,Ie>,c_sfansi,None,,,,,,,
default,Ie>,c_sfiec,None,,,,,,,
default,Ie>,c_type,None,,,,,,,
default,Ie>,calcuse,None,,,,,,,
default,Ie>,charact,None,,,,,,,
default,Ie>,chr_name,None,,,,,,,
default,Ie>,ciDist,None,,,,,,,
default,Ie>,ciDistAll,None,,,,,,,
default,Ie>,ciDistAllRoot,None,,,,,,,
default,Ie>,ciDistRoot,None,,,,,,,
default,Ie>,ciEarthed,None,,,,,,,
default,Ie>,ciEnergized,None,,,,,,,
default,Ie>,ciLater,None,,,,,,,
default,Ie>,ciOutaged,None,,,,,,,
default,Ie>,cminresptime,None,,,,,,,
default,Ie>,cpArea,None,,,,,,,
default,Ie>,cpBranch,None,,,,,,,
default,Ie>,cpFeed,None,,,,,,,
default,Ie>,cpGrid,None,,,,,,,
default,Ie>,cpHeadFold,None,,,,,,,
default,Ie>,cpMeteostat,None,,,,,,,
default,Ie>,cpOperator,None,,,,,,,
default,Ie>,cpOwner,None,,,,,,,
default,Ie>,cpSite,None,,,,,,,
default,Ie>,cpSubstat,None,,,,,,,
default,Ie>,cpSupplySubstation,None,,,,,,,
default,Ie>,cpSupplyTransformer,None,,,,,,,
default,Ie>,cpSupplyTrfStation,None,,,,,,,
default,Ie>,cpZone,None,,,,,,,
default,Ie>,dat_src,None,,,,,,,
default,Ie>,dataExtUnit,None,,,,,,,
default,Ie>,fold_id,None,,,,,,,
default,Ie>,for_name,None,,,,,,,
default,Ie>,gnrl_modby,None,,,,,,,
default,Ie>,gnrl_modif,None,,,,,,,
default,Ie>,iSchemeStatus,None,,,,,,,
default,Ie>,iacceptblock,None,,,,,,,
default,Ie>,idir,None,,,,,,,
default,Ie>,loc_name,None,,,,,,,
default,Ie>,minresptime,None,,,,,,,
default,Ie>,outserv,PROTECTION G1/[50N/51N] E/Gnd/,230,use_setting,No,,,,
default,Ie>,pcharac,PROTECTION G1/[50N/51N] E/Gnd/,233,use_setting,None,,,,
default,Ie>,resetdis,None,,,,,,,
default,Ie>,root_id,None,,,,,,,
default,Ie>,typ_id,None,,,,,,,
default,Ie>,udeftmax,None,,,,,,,
default,Ie>,udeftmin,None,,,,,,,
default,I>>,AttributeType,None,,,,,,,
default,I>>,Ipset,PROTECTION G1/[50/51] PHASE OC/,211,use_setting,None,,,,
default,I>>,Ipsetr,None,,,,,,,
default,I>>,ModFrame,None,,,,,,,
default,I>>,ResetT,PROTECTION G1/[50/51] PHASE OC/,219,use_setting,None,,,,
default,I>>,Tadder,None,,,,,,,
default,I>>,Tpset,PROTECTION G1/[50/51] PHASE OC/,212,use_setting,None,,,,
default,I>>,Trelblock,None,,,,,,,
default,I>>,Tshift,None,,,,,,,
default,I>>,cDisplayName,None,,,,,,,
default,I>>,cResetT,None,,,,,,,
default,I>>,cTadder,None,,,,,,,
default,I>>,cUserDefIndex,None,,,,,,,
default,I>>,c_sfansi,None,,,,,,,
default,I>>,c_sfiec,None,,,,,,,
default,I>>,c_type,None,,,,,,,
default,I>>,calcuse,None,,,,,,,
default,I>>,charact,None,,,,,,,
default,I>>,chr_name,None,,,,,,,
default,I>>,ciDist,None,,,,,,,
default,I>>,ciDistAll,None,,,,,,,
default,I>>,ciDistAllRoot,None,,,,,,,
default,I>>,ciDistRoot,None,,,,,,,
default,I>>,ciEarthed,None,,,,,,,
default,I>>,ciEnergized,None,,,,,,,
default,I>>,ciLater,None,,,,,,,
default,I>>,ciOutaged,None,,,,,,,
default,I>>,cminresptime,None,,,,,,,
default,I>>,cpArea,None,,,,,,,
default,I>>,cpBranch,None,,,,,,,
default,I>>,cpFeed,None,,,,,,,
default,I>>,cpGrid,None,,,,,,,
default,I>>,cpHeadFold,None,,,,,,,
default,I>>,cpMeteostat,None,,,,,,,
default,I>>,cpOperator,None,,,,,,,
default,I>>,cpOwner,None,,,,,,,
default,I>>,cpSite,None,,,,,,,
default,I>>,cpSubstat,None,,,,,,,
default,I>>,cpSupplySubstation,None,,,,,,,
default,I>>,cpSupplyTransformer,None,,,,,,,
default,I>>,cpSupplyTrfStation,None,,,,,,,
default,I>>,cpZone,None,,,,,,,
default,I>>,dat_src,None,,,,,,,
default,I>>,dataExtUnit,None,,,,,,,
default,I>>,fold_id,None,,,,,,,
default,I>>,for_name,None,,,,,,,
default,I>>,gnrl_modby,None,,,,,,,
default,I>>,gnrl_modif,None,,,,,,,
default,I>>,iSchemeStatus,None,,,,,,,
default,I>>,iacceptblock,None,,,,,,,
default,I>>,idir,None,,,,,,,
default,I>>,loc_name,None,,,,,,,
default,I>>,minresptime,None,,,,,,,
default,I>>,outserv,PROTECTION G1/[50/51] PHASE OC/,210,use_setting,No,,,,
default,I>>,pcharac,PROTECTION G1/[50/51] PHASE OC/,213,use_setting,None,,,,
default,I>>,resetdis,None,,,,,,,
default,I>>,root_id,None,,,,,,,
default,I>>,typ_id,None,,,,,,,
default,I>>,udeftmax,None,,,,,,,
default,I>>,udeftmin,None,,,,,,,
default,I>>>,AttributeType,None,,,,,,,
default,I>>>,Ipset,PROTECTION G1/[50/51] PHASE OC/,221,use_setting,None,,,,
default,I>>>,Ipsetr,None,,,,,,,
default,I>>>,Trelblock,None,,,,,,,
default,I>>>,Tset,PROTECTION G1/[50/51] PHASE OC/,222,use_setting,None,,,,
default,I>>>,cDisplayName,None,,,,,,,
default,I>>>,cTset,None,,,,,,,
default,I>>>,cUserDefIndex,None,,,,,,,
default,I>>>,c_sfansi,None,,,,,,,
default,I>>>,c_sfiec,None,,,,,,,
default,I>>>,c_type,None,,,,,,,
default,I>>>,calcuse,None,,,,,,,
default,I>>>,charact,None,,,,,,,
default,I>>>,chr_name,None,,,,,,,
default,I>>>,ciDist,None,,,,,,,
default,I>>>,ciDistAll,None,,,,,,,
default,I>>>,ciDistAllRoot,None,,,,,,,
default,I>>>,ciDistRoot,None,,,,,,,
default,I>>>,ciEarthed,None,,,,,,,
default,I>>>,ciEnergized,None,,,,,,,
default,I>>>,ciLater,None,,,,,,,
default,I>>>,ciOutaged,None,,,,,,,
default,I>>>,cpArea,None,,,,,,,
default,I>>>,cpBranch,None,,,,,,,
default,I>>>,cpFeed,None,,,,,,,
default,I>>>,cpGrid,None,,,,,,,
default,I>>>,cpHeadFold,None,,,,,,,
default,I>>>,cpMeteostat,None,,,,,,,
default,I>>>,cpOperator,None,,,,,,,
default,I>>>,cpOwner,None,,,,,,,
default,I>>>,cpSite,None,,,,,,,
default,I>>>,cpSubstat,None,,,,,,,
default,I>>>,cpSupplySubstation,None,,,,,,,
default,I>>>,cpSupplyTransformer,None,,,,,,,
default,I>>>,cpSupplyTrfStation,None,,,,,,,
default,I>>>,cpZone,None,,,,,,,
default,I>>>,cptotime,None,,,,,,,
default,I>>>,dat_src,None,,,,,,,
default,I>>>,dataExtUnit,None,,,,,,,
default,I>>>,fold_id,None,,,,,,,
default,I>>>,for_name,None,,,,,,,
default,I>>>,gnrl_modby,None,,,,,,,
default,I>>>,gnrl_modif,None,,,,,,,
default,I>>>,iSchemeStatus,None,,,,,,,
default,I>>>,iacceptblock,None,,,,,,,
default,I>>>,idir,None,,,,,,,
default,I>>>,loc_name,None,,,,,,,
default,I>>>,outserv,PROTECTION G1/[50/51] PHASE OC/,250,use_setting,None,,,,
default,I>>>,root_id,None,,,,,,,
default,I>>>,typ_id,None,,,,,,,
default,Ie>>,AttributeType,None,,,,,,,
default,Ie>>,Ipset,PROTECTION G1/[50N/51N] E/Gnd/,241,use_setting,None,,,,
default,Ie>>,Ipsetr,None,,,,,,,
default,Ie>>,ModFrame,None,,,,,,,
default,Ie>>,ResetT,PROTECTION G1/[50N/51N] E/Gnd/,249,use_setting,None,,,,
default,Ie>>,Tadder,None,,,,,,,
default,Ie>>,Tpset,PROTECTION G1/[50N/51N] E/Gnd/,242,use_setting,None,,,,
default,Ie>>,Trelblock,None,,,,,,,
default,Ie>>,Tshift,None,,,,,,,
default,Ie>>,cDisplayName,None,,,,,,,
default,Ie>>,cResetT,None,,,,,,,
default,Ie>>,cTadder,None,,,,,,,
default,Ie>>,cUserDefIndex,None,,,,,,,
default,Ie>>,c_sfansi,None,,,,,,,
default,Ie>>,c_sfiec,None,,,,,,,
default,Ie>>,c_type,None,,,,,,,
default,Ie>>,calcuse,None,,,,,,,
default,Ie>>,charact,None,,,,,,,
default,Ie>>,chr_name,None,,,,,,,
default,Ie>>,ciDist,None,,,,,,,
default,Ie>>,ciDistAll,None,,,,,,,
default,Ie>>,ciDistAllRoot,None,,,,,,,
default,Ie>>,ciDistRoot,None,,,,,,,
default,Ie>>,ciEarthed,None,,,,,,,
default,Ie>>,ciEnergized,None,,,,,,,
default,Ie>>,ciLater,None,,,,,,,
default,Ie>>,ciOutaged,None,,,,,,,
default,Ie>>,cminresptime,None,,,,,,,
default,Ie>>,cpArea,None,,,,,,,
default,Ie>>,cpBranch,None,,,,,,,
default,Ie>>,cpFeed,None,,,,,,,
default,Ie>>,cpGrid,None,,,,,,,
default,Ie>>,cpHeadFold,None,,,,,,,
default,Ie>>,cpMeteostat,None,,,,,,,
default,Ie>>,cpOperator,None,,,,,,,
default,Ie>>,cpOwner,None,,,,,,,
default,Ie>>,cpSite,None,,,,,,,
default,Ie>>,cpSubstat,None,,,,,,,
default,Ie>>,cpSupplySubstation,None,,,,,,,
default,Ie>>,cpSupplyTransformer,None,,,,,,,
default,Ie>>,cpSupplyTrfStation,None,,,,,,,
default,Ie>>,cpZone,None,,,,,,,
default,Ie>>,dat_src,None,,,,,,,
default,Ie>>,dataExtUnit,None,,,,,,,
default,Ie>>,fold_id,None,,,,,,,
default,Ie>>,for_name,None,,,,,,,
default,Ie>>,gnrl_modby,None,,,,,,,
default,Ie>>,gnrl_modif,None,,,,,,,
default,Ie>>,iSchemeStatus,None,,,,,,,
default,Ie>>,iacceptblock,None,,,,,,,
default,Ie>>,idir,None,,,,,,,
default,Ie>>,loc_name,None,,,,,,,
default,Ie>>,minresptime,None,,,,,,,
default,Ie>>,outserv,PROTECTION G1/[50N/51N] E/Gnd/,240,use_setting,No,,,,
default,Ie>>,pcharac,PROTECTION G1/[50N/51N] E/Gnd/,243,use_setting,None,,,,
default,Ie>>,resetdis,None,,,,,,,
default,Ie>>,root_id,None,,,,,,,
default,Ie>>,typ_id,None,,,,,,,
default,Ie>>,udeftmax,None,,,,,,,
default,Ie>>,udeftmin,None,,,,,,,
default,Ie>>>,AttributeType,None,,,,,,,
default,Ie>>>,Ipset,PROTECTION G1/[50N/51N] E/Gnd/,251,use_setting,None,,,,
default,Ie>>>,Ipsetr,None,,,,,,,
default,Ie>>>,Trelblock,None,,,,,,,
default,Ie>>>,Tset,PROTECTION G1/[50N/51N] E/Gnd/,252,use_setting,None,,,,
default,Ie>>>,cDisplayName,None,,,,,,,
default,Ie>>>,cTset,None,,,,,,,
default,Ie>>>,cUserDefIndex,None,,,,,,,
default,Ie>>>,c_sfansi,None,,,,,,,
default,Ie>>>,c_sfiec,None,,,,,,,
default,Ie>>>,c_type,None,,,,,,,
default,Ie>>>,calcuse,None,,,,,,,
default,Ie>>>,charact,None,,,,,,,
default,Ie>>>,chr_name,None,,,,,,,
default,Ie>>>,ciDist,None,,,,,,,
default,Ie>>>,ciDistAll,None,,,,,,,
default,Ie>>>,ciDistAllRoot,None,,,,,,,
default,Ie>>>,ciDistRoot,None,,,,,,,
default,Ie>>>,ciEarthed,None,,,,,,,
default,Ie>>>,ciEnergized,None,,,,,,,
default,Ie>>>,ciLater,None,,,,,,,
default,Ie>>>,ciOutaged,None,,,,,,,
default,Ie>>>,cpArea,None,,,,,,,
default,Ie>>>,cpBranch,None,,,,,,,
default,Ie>>>,cpFeed,None,,,,,,,
default,Ie>>>,cpGrid,None,,,,,,,
default,Ie>>>,cpHeadFold,None,,,,,,,
default,Ie>>>,cpMeteostat,None,,,,,,,
default,Ie>>>,cpOperator,None,,,,,,,
default,Ie>>>,cpOwner,None,,,,,,,
default,Ie>>>,cpSite,None,,,,,,,
default,Ie>>>,cpSubstat,None,,,,,,,
default,Ie>>>,cpSupplySubstation,None,,,,,,,
default,Ie>>>,cpSupplyTransformer,None,,,,,,,
default,Ie>>>,cpSupplyTrfStation,None,,,,,,,
default,Ie>>>,cpZone,None,,,,,,,
default,Ie>>>,cptotime,None,,,,,,,
default,Ie>>>,dat_src,None,,,,,,,
default,Ie>>>,dataExtUnit,None,,,,,,,
default,Ie>>>,fold_id,None,,,,,,,
default,Ie>>>,for_name,None,,,,,,,
default,Ie>>>,gnrl_modby,None,,,,,,,
default,Ie>>>,gnrl_modif,None,,,,,,,
default,Ie>>>,iSchemeStatus,None,,,,,,,
default,Ie>>>,iacceptblock,None,,,,,,,
default,Ie>>>,idir,None,,,,,,,
default,Ie>>>,loc_name,None,,,,,,,
default,Ie>>>,outserv,PROTECTION G1/[50N/51N] E/Gnd/,250,use_setting,No,,,,
default,Ie>>>,root_id,None,,,,,,,
default,Ie>>>,typ_id,None,,,,,,,
default,I2>>,AttributeType,None,,,,,,,
default,I2>>,Ipset,PROTECTION G1/[46] NEG SEQ OC/,267,use_setting,None,,,,
default,I2>>,Ipsetr,None,,,,,,,
default,I2>>,Trelblock,None,,,,,,,
default,I2>>,Tset,PROTECTION G1/[46] NEG SEQ OC/,268,use_setting,None,,,,
default,I2>>,cDisplayName,None,,,,,,,
default,I2>>,cTset,None,,,,,,,
default,I2>>,cUserDefIndex,None,,,,,,,
default,I2>>,c_sfansi,None,,,,,,,
default,I2>>,c_sfiec,None,,,,,,,
default,I2>>,c_type,None,,,,,,,
default,I2>>,calcuse,None,,,,,,,
default,I2>>,charact,None,,,,,,,
default,I2>>,chr_name,None,,,,,,,
default,I2>>,ciDist,None,,,,,,,
default,I2>>,ciDistAll,None,,,,,,,
default,I2>>,ciDistAllRoot,None,,,,,,,
default,I2>>,ciDistRoot,None,,,,,,,
default,I2>>,ciEarthed,None,,,,,,,
default,I2>>,ciEnergized,None,,,,,,,
default,I2>>,ciLater,None,,,,,,,
default,I2>>,ciOutaged,None,,,,,,,
default,I2>>,cpArea,None,,,,,,,
default,I2>>,cpBranch,None,,,,,,,
default,I2>>,cpFeed,None,,,,,,,
default,I2>>,cpGrid,None,,,,,,,
default,I2>>,cpHeadFold,None,,,,,,,
default,I2>>,cpMeteostat,None,,,,,,,
default,I2>>,cpOperator,None,,,,,,,
default,I2>>,cpOwner,None,,,,,,,
default,I2>>,cpSite,None,,,,,,,
default,I2>>,cpSubstat,None,,,,,,,
default,I2>>,cpSupplySubstation,None,,,,,,,
default,I2>>,cpSupplyTransformer,None,,,,,,,
default,I2>>,cpSupplyTrfStation,None,,,,,,,
default,I2>>,cpZone,None,,,,,,,
default,I2>>,cptotime,None,,,,,,,
default,I2>>,dat_src,None,,,,,,,
default,I2>>,dataExtUnit,None,,,,,,,
default,I2>>,fold_id,None,,,,,,,
default,I2>>,for_name,None,,,,,,,
default,I2>>,gnrl_modby,None,,,,,,,
default,I2>>,gnrl_modif,None,,,,,,,
default,I2>>,iSchemeStatus,None,,,,,,,
default,I2>>,iacceptblock,None,,,,,,,
default,I2>>,idir,None,,,,,,,
default,I2>>,loc_name,None,,,,,,,
default,I2>>,outserv,PROTECTION G1/[46] NEG SEQ OC/,266,use_setting,No,,,,
default,I2>>,root_id,None,,,,,,,
default,I2>>,typ_id,None,,,,,,,
default,I2>>>,AttributeType,None,,,,,,,
default,I2>>>,Ipset,None,,,,,,,
default,I2>>>,Ipsetr,None,,,,,,,
default,I2>>>,Trelblock,None,,,,,,,
default,I2>>>,Tset,None,,,,,,,
default,I2>>>,cDisplayName,None,,,,,,,
default,I2>>>,cTset,None,,,,,,,
default,I2>>>,cUserDefIndex,None,,,,,,,
default,I2>>>,c_sfansi,None,,,,,,,
default,I2>>>,c_sfiec,None,,,,,,,
default,I2>>>,c_type,None,,,,,,,
default,I2>>>,calcuse,None,,,,,,,
default,I2>>>,charact,None,,,,,,,
default,I2>>>,chr_name,None,,,,,,,
default,I2>>>,ciDist,None,,,,,,,
default,I2>>>,ciDistAll,None,,,,,,,
default,I2>>>,ciDistAllRoot,None,,,,,,,
default,I2>>>,ciDistRoot,None,,,,,,,
default,I2>>>,ciEarthed,None,,,,,,,
default,I2>>>,ciEnergized,None,,,,,,,
default,I2>>>,ciLater,None,,,,,,,
default,I2>>>,ciOutaged,None,,,,,,,
default,I2>>>,cpArea,None,,,,,,,
default,I2>>>,cpBranch,None,,,,,,,
default,I2>>>,cpFeed,None,,,,,,,
default,I2>>>,cpGrid,None,,,,,,,
default,I2>>>,cpHeadFold,None,,,,,,,
default,I2>>>,cpMeteostat,None,,,,,,,
default,I2>>>,cpOperator,None,,,,,,,
default,I2>>>,cpOwner,None,,,,,,,
default,I2>>>,cpSite,None,,,,,,,
default,I2>>>,cpSubstat,None,,,,,,,
default,I2>>>,cpSupplySubstation,None,,,,,,,
default,I2>>>,cpSupplyTransformer,None,,,,,,,
default,I2>>>,cpSupplyTrfStation,None,,,,,,,
default,I2>>>,cpZone,None,,,,,,,
default,I2>>>,cptotime,None,,,,,,,
default,I2>>>,dat_src,None,,,,,,,
default,I2>>>,dataExtUnit,None,,,,,,,
default,I2>>>,fold_id,None,,,,,,,
default,I2>>>,for_name,None,,,,,,,
default,I2>>>,gnrl_modby,None,,,,,,,
default,I2>>>,gnrl_modif,None,,,,,,,
default,I2>>>,iSchemeStatus,None,,,,,,,
default,I2>>>,iacceptblock,None,,,,,,,
default,I2>>>,idir,None,,,,,,,
default,I2>>>,loc_name,None,,,,,,,
default,I2>>>,outserv,OFF,,,,,,,
default,I2>>>,root_id,None,,,,,,,
default,I2>>>,typ_id,None,,,,,,,
default,Therm,AttributeType,None,,,,,,,
default,Therm,Ipset,PROTECTION G1/[49] THERM OL/,254,use_setting,None,,,,
default,Therm,Ipsetr,None,,,,,,,
default,Therm,ModFrame,None,,,,,,,
default,Therm,ResetT,None,,,,,,,
default,Therm,Tadder,None,,,,,,,
default,Therm,Tpset,PROTECTION G1/[49] THERM OL/,259,use_setting,None,,,,
default,Therm,Trelblock,None,,,,,,,
default,Therm,Tshift,None,,,,,,,
default,Therm,cDisplayName,None,,,,,,,
default,Therm,cResetT,None,,,,,,,
default,Therm,cTadder,None,,,,,,,
default,Therm,cUserDefIndex,None,,,,,,,
default,Therm,c_sfansi,None,,,,,,,
default,Therm,c_sfiec,None,,,,,,,
default,Therm,c_type,None,,,,,,,
default,Therm,calcuse,None,,,,,,,
default,Therm,charact,None,,,,,,,
default,Therm,chr_name,None,,,,,,,
default,Therm,ciDist,None,,,,,,,
default,Therm,ciDistAll,None,,,,,,,
default,Therm,ciDistAllRoot,None,,,,,,,
default,Therm,ciDistRoot,None,,,,,,,
default,Therm,ciEarthed,None,,,,,,,
default,Therm,ciEnergized,None,,,,,,,
default,Therm,ciLater,None,,,,,,,
default,Therm,ciOutaged,None,,,,,,,
default,Therm,cminresptime,None,,,,,,,
default,Therm,cpArea,None,,,,,,,
default,Therm,cpBranch,None,,,,,,,
default,Therm,cpFeed,None,,,,,,,
default,Therm,cpGrid,None,,,,,,,
default,Therm,cpHeadFold,None,,,,,,,
default,Therm,cpMeteostat,None,,,,,,,
default,Therm,cpOperator,None,,,,,,,
default,Therm,cpOwner,None,,,,,,,
default,Therm,cpSite,None,,,,,,,
default,Therm,cpSubstat,None,,,,,,,
default,Therm,cpSupplySubstation,None,,,,,,,
default,Therm,cpSupplyTransformer,None,,,,,,,
default,Therm,cpSupplyTrfStation,None,,,,,,,
default,Therm,cpZone,None,,,,,,,
default,Therm,dat_src,None,,,,,,,
default,Therm,dataExtUnit,None,,,,,,,
default,Therm,fold_id,None,,,,,,,
default,Therm,for_name,None,,,,,,,
default,Therm,gnrl_modby,None,,,,,,,
default,Therm,gnrl_modif,None,,,,,,,
default,Therm,iSchemeStatus,None,,,,,,,
default,Therm,iacceptblock,None,,,,,,,
default,Therm,idir,None,,,,,,,
default,Therm,loc_name,None,,,,,,,
default,Therm,minresptime,None,,,,,,,
default,Therm,outserv,PROTECTION G1/[49] THERM OL/,253,use_setting,No,,,,
default,Therm,pcharac,None,,,,,,,
default,Therm,resetdis,None,,,,,,,
default,Therm,root_id,None,,,,,,,
default,Therm,typ_id,None,,,,,,,
default,Therm,udeftmax,None,,,,,,,
default,Therm,udeftmin,None,,,,,,,
default,Undercurrent,AttributeType,None,,,,,,,
default,Undercurrent,Ipset,PROTECTION G1/[37] UNDER CURRENT/,025B,use_setting,None,,,,
default,Undercurrent,Ipsetr,None,,,,,,,
default,Undercurrent,Trelblock,None,,,,,,,
default,Undercurrent,Tset,PROTECTION G1/[37] UNDER CURRENT/,026F,use_setting,None,,,,
default,Undercurrent,cDisplayName,None,,,,,,,
default,Undercurrent,cTset,None,,,,,,,
default,Undercurrent,cUserDefIndex,None,,,,,,,
default,Undercurrent,c_sfansi,None,,,,,,,
default,Undercurrent,c_sfiec,None,,,,,,,
default,Undercurrent,c_type,None,,,,,,,
default,Undercurrent,calcuse,None,,,,,,,
default,Undercurrent,charact,None,,,,,,,
default,Undercurrent,chr_name,None,,,,,,,
default,Undercurrent,ciDist,None,,,,,,,
default,Undercurrent,ciDistAll,None,,,,,,,
default,Undercurrent,ciDistAllRoot,None,,,,,,,
default,Undercurrent,ciDistRoot,None,,,,,,,
default,Undercurrent,ciEarthed,None,,,,,,,
default,Undercurrent,ciEnergized,None,,,,,,,
default,Undercurrent,ciLater,None,,,,,,,
default,Undercurrent,ciOutaged,None,,,,,,,
default,Undercurrent,cpArea,None,,,,,,,
default,Undercurrent,cpBranch,None,,,,,,,
default,Undercurrent,cpFeed,None,,,,,,,
default,Undercurrent,cpGrid,None,,,,,,,
default,Undercurrent,cpHeadFold,None,,,,,,,
default,Undercurrent,cpMeteostat,None,,,,,,,
default,Undercurrent,cpOperator,None,,,,,,,
default,Undercurrent,cpOwner,None,,,,,,,
default,Undercurrent,cpSite,None,,,,,,,
default,Undercurrent,cpSubstat,None,,,,,,,
default,Undercurrent,cpSupplySubstation,None,,,,,,,
default,Undercurrent,cpSupplyTransformer,None,,,,,,,
default,Undercurrent,cpSupplyTrfStation,None,,,,,,,
default,Undercurrent,cpZone,None,,,,,,,
default,Undercurrent,cptotime,None,,,,,,,
default,Undercurrent,dat_src,None,,,,,,,
default,Undercurrent,dataExtUnit,None,,,,,,,
default,Undercurrent,fold_id,None,,,,,,,
default,Undercurrent,for_name,None,,,,,,,
default,Undercurrent,gnrl_modby,None,,,,,,,
default,Undercurrent,gnrl_modif,None,,,,,,,
default,Undercurrent,iSchemeStatus,None,,,,,,,
default,Undercurrent,iacceptblock,None,,,,,,,
default,Undercurrent,idir,None,,,,,,,
default,Undercurrent,loc_name,None,,,,,,,
default,Undercurrent,outserv,PROTECTION G1/[37] UNDER CURRENT/,025A,use_setting,No,,,,
default,Undercurrent,root_id,None,,,,,,,
default,Undercurrent,typ_id,None,,,,,,,
default,Broken cond,AttributeType,None,,,,,,,
default,Broken cond,Ipset,None,,,,,,,
default,Broken cond,Ipsetr,None,,,,,,,
default,Broken cond,Trelblock,None,,,,,,,
default,Broken cond,Tset,None,,,,,,,
default,Broken cond,cDisplayName,None,,,,,,,
default,Broken cond,cTset,None,,,,,,,
default,Broken cond,cUserDefIndex,None,,,,,,,
default,Broken cond,c_sfansi,None,,,,,,,
default,Broken cond,c_sfiec,None,,,,,,,
default,Broken cond,c_type,None,,,,,,,
default,Broken cond,calcuse,None,,,,,,,
default,Broken cond,charact,None,,,,,,,
default,Broken cond,chr_name,None,,,,,,,
default,Broken cond,ciDist,None,,,,,,,
default,Broken cond,ciDistAll,None,,,,,,,
default,Broken cond,ciDistAllRoot,None,,,,,,,
default,Broken cond,ciDistRoot,None,,,,,,,
default,Broken cond,ciEarthed,None,,,,,,,
default,Broken cond,ciEnergized,None,,,,,,,
default,Broken cond,ciLater,None,,,,,,,
default,Broken cond,ciOutaged,None,,,,,,,
default,Broken cond,cpArea,None,,,,,,,
default,Broken cond,cpBranch,None,,,,,,,
default,Broken cond,cpFeed,None,,,,,,,
default,Broken cond,cpGrid,None,,,,,,,
default,Broken cond,cpHeadFold,None,,,,,,,
default,Broken cond,cpMeteostat,None,,,,,,,
default,Broken cond,cpOperator,None,,,,,,,
default,Broken cond,cpOwner,None,,,,,,,
default,Broken cond,cpSite,None,,,,,,,
default,Broken cond,cpSubstat,None,,,,,,,
default,Broken cond,cpSupplySubstation,None,,,,,,,
default,Broken cond,cpSupplyTransformer,None,,,,,,,
default,Broken cond,cpSupplyTrfStation,None,,,,,,,
default,Broken cond,cpZone,None,,,,,,,
default,Broken cond,cptotime,None,,,,,,,
default,Broken cond,dat_src,None,,,,,,,
default,Broken cond,dataExtUnit,None,,,,,,,
default,Broken cond,fold_id,None,,,,,,,
default,Broken cond,for_name,None,,,,,,,
default,Broken cond,gnrl_modby,None,,,,,,,
default,Broken cond,gnrl_modif,None,,,,,,,
default,Broken cond,iSchemeStatus,None,,,,,,,
default,Broken cond,iacceptblock,None,,,,,,,
default,Broken cond,idir,None,,,,,,,
default,Broken cond,loc_name,None,,,,,,,
default,Broken cond,outserv,OFF,,,,,,,
default,Broken cond,root_id,None,,,,,,,
default,Broken cond,typ_id,None,,,,,,,
default,Trip Logic_dip,IDMTPhase,None,,,,,,,
default,Trip Logic_dip,IDMTGrnd,None,,,,,,,
default,Trip Logic_dip,IDMTNegSeq,None,,,,,,,
default,Trip Logic_dip,DTocIM,None,,,,,,,
default,Trip Logic_dip,DTocIMM,None,,,,,,,
default,Trip Logic_dip,DTocINM,None,,,,,,,
default,Trip Logic_dip,DTocINMM,None,,,,,,,
default,Trip Logic_dip,DTocInegM,None,,,,,,,
default,Trip Logic_dip,DTocInegMM,None,,,,,,,
default,Trip Logic_dip,Therm,None,,,,,,,
default,Trip Logic_dip,Im,None,,,,,,,
default,Trip Logic_dip,BrokenCond,None,,,,,,,
default,Trip Logic,AttributeType,None,,,,,,,
default,Trip Logic,aDipset,None,,,,,,,
default,Trip Logic,cDisplayName,None,,,,,,,
default,Trip Logic,cUserDefIndex,None,,,,,,,
default,Trip Logic,charact,None,,,,,,,
default,Trip Logic,chr_name,None,,,,,,,
default,Trip Logic,ciDist,None,,,,,,,
default,Trip Logic,ciDistAll,None,,,,,,,
default,Trip Logic,ciDistAllRoot,None,,,,,,,
default,Trip Logic,ciDistRoot,None,,,,,,,
default,Trip Logic,ciEarthed,None,,,,,,,
default,Trip Logic,ciEnergized,None,,,,,,,
default,Trip Logic,ciLater,None,,,,,,,
default,Trip Logic,ciOutaged,None,,,,,,,
default,Trip Logic,cpArea,None,,,,,,,
default,Trip Logic,cpBranch,None,,,,,,,
default,Trip Logic,cpFeed,None,,,,,,,
default,Trip Logic,cpGrid,None,,,,,,,
default,Trip Logic,cpHeadFold,None,,,,,,,
default,Trip Logic,cpMeteostat,None,,,,,,,
default,Trip Logic,cpOperator,None,,,,,,,
default,Trip Logic,cpOwner,None,,,,,,,
default,Trip Logic,cpSite,None,,,,,,,
default,Trip Logic,cpSubstat,None,,,,,,,
default,Trip Logic,cpSupplySubstation,None,,,,,,,
default,Trip Logic,cpSupplyTransformer,None,,,,,,,
default,Trip Logic,cpSupplyTrfStation,None,,,,,,,
default,Trip Logic,cpZone,None,,,,,,,
default,Trip Logic,dat_src,None,,,,,,,
default,Trip Logic,dataExtUnit,None,,,,,,,
default,Trip Logic,fold_id,None,,,,,,,
default,Trip Logic,for_name,None,,,,,,,
default,Trip Logic,gnrl_modby,None,,,,,,,
default,Trip Logic,gnrl_modif,None,,,,,,,
default,Trip Logic,iSchemeStatus,None,,,,,,,
default,Trip Logic,iout,None,,,,,,,
default,Trip Logic,loc_name,None,,,,,,,
default,Trip Logic,outserv,ON,,,,,,,
default,Trip Logic,pSwitch,None,,,,,,,
default,Trip Logic,root_id,None,,,,,,,
default,Trip Logic,sLogic,None,,,,,,,
default,Trip Logic,sTripsig,None,,,,,,,
default,Trip Logic,typ_id,None,,,,,,,
default,Closing Logic,AttributeType,None,,,,,,,
default,Closing Logic,cDisplayName,None,,,,,,,
default,Closing Logic,cUserDefIndex,None,,,,,,,
default,Closing Logic,charact,None,,,,,,,
default,Closing Logic,chr_name,None,,,,,,,
default,Closing Logic,ciDist,None,,,,,,,
default,Closing Logic,ciDistAll,None,,,,,,,
default,Closing Logic,ciDistAllRoot,None,,,,,,,
default,Closing Logic,ciDistRoot,None,,,,,,,
default,Closing Logic,ciEarthed,None,,,,,,,
default,Closing Logic,ciEnergized,None,,,,,,,
default,Closing Logic,ciLater,None,,,,,,,
default,Closing Logic,ciOutaged,None,,,,,,,
default,Closing Logic,cpArea,None,,,,,,,
default,Closing Logic,cpBranch,None,,,,,,,
default,Closing Logic,cpFeed,None,,,,,,,
default,Closing Logic,cpGrid,None,,,,,,,
default,Closing Logic,cpHeadFold,None,,,,,,,
default,Closing Logic,cpMeteostat,None,,,,,,,
default,Closing Logic,cpOperator,None,,,,,,,
default,Closing Logic,cpOwner,None,,,,,,,
default,Closing Logic,cpSite,None,,,,,,,
default,Closing Logic,cpSubstat,None,,,,,,,
default,Closing Logic,cpSupplySubstation,None,,,,,,,
default,Closing Logic,cpSupplyTransformer,None,,,,,,,
default,Closing Logic,cpSupplyTrfStation,None,,,,,,,
default,Closing Logic,cpZone,None,,,,,,,
default,Closing Logic,dat_src,None,,,,,,,
default,Closing Logic,dataExtUnit,None,,,,,,,
default,Closing Logic,fold_id,None,,,,,,,
default,Closing Logic,for_name,None,,,,,,,
default,Closing Logic,gnrl_modby,None,,,,,,,
default,Closing Logic,gnrl_modif,None,,,,,,,
default,Closing Logic,iSchemeStatus,None,,,,,,,
default,Closing Logic,iout,None,,,,,,,
default,Closing Logic,loc_name,None,,,,,,,
default,Closing Logic,outserv,ON,,,,,,,
default,Closing Logic,pSwitch,None,,,,,,,
default,Closing Logic,root_id,None,,,,,,,
default,Closing Logic,typ_id,None,,,,,,,
default,Logic block IM,AttributeType,None,,,,,,,
default,Logic block IM,cDisplayName,None,,,,,,,
default,Logic block IM,cUserDefIndex,None,,,,,,,
default,Logic block IM,charact,None,,,,,,,
default,Logic block IM,chr_name,None,,,,,,,
default,Logic block IM,ciDist,None,,,,,,,
default,Logic block IM,ciDistAll,None,,,,,,,
default,Logic block IM,ciDistAllRoot,None,,,,,,,
default,Logic block IM,ciDistRoot,None,,,,,,,
default,Logic block IM,ciEarthed,None,,,,,,,
default,Logic block IM,ciEnergized,None,,,,,,,
default,Logic block IM,ciLater,None,,,,,,,
default,Logic block IM,ciOutaged,None,,,,,,,
default,Logic block IM,cpArea,None,,,,,,,
default,Logic block IM,cpBranch,None,,,,,,,
default,Logic block IM,cpFeed,None,,,,,,,
default,Logic block IM,cpGrid,None,,,,,,,
default,Logic block IM,cpHeadFold,None,,,,,,,
default,Logic block IM,cpMeteostat,None,,,,,,,
default,Logic block IM,cpOperator,None,,,,,,,
default,Logic block IM,cpOwner,None,,,,,,,
default,Logic block IM,cpSite,None,,,,,,,
default,Logic block IM,cpSubstat,None,,,,,,,
default,Logic block IM,cpSupplySubstation,None,,,,,,,
default,Logic block IM,cpSupplyTransformer,None,,,,,,,
default,Logic block IM,cpSupplyTrfStation,None,,,,,,,
default,Logic block IM,cpZone,None,,,,,,,
default,Logic block IM,dat_src,None,,,,,,,
default,Logic block IM,dataExtUnit,None,,,,,,,
default,Logic block IM,fold_id,None,,,,,,,
default,Logic block IM,for_name,None,,,,,,,
default,Logic block IM,gnrl_modby,None,,,,,,,
default,Logic block IM,gnrl_modif,None,,,,,,,
default,Logic block IM,iSchemeStatus,None,,,,,,,
default,Logic block IM,iout,None,,,,,,,
default,Logic block IM,loc_name,None,,,,,,,
default,Logic block IM,outserv,ON,,,,,,,
default,Logic block IM,pSwitch,None,,,,,,,
default,Logic block IM,root_id,None,,,,,,,
default,Logic block IM,typ_id,None,,,,,,,
default,Logic block IMM,AttributeType,None,,,,,,,
default,Logic block IMM,cDisplayName,None,,,,,,,
default,Logic block IMM,cUserDefIndex,None,,,,,,,
default,Logic block IMM,charact,None,,,,,,,
default,Logic block IMM,chr_name,None,,,,,,,
default,Logic block IMM,ciDist,None,,,,,,,
default,Logic block IMM,ciDistAll,None,,,,,,,
default,Logic block IMM,ciDistAllRoot,None,,,,,,,
default,Logic block IMM,ciDistRoot,None,,,,,,,
default,Logic block IMM,ciEarthed,None,,,,,,,
default,Logic block IMM,ciEnergized,None,,,,,,,
default,Logic block IMM,ciLater,None,,,,,,,
default,Logic block IMM,ciOutaged,None,,,,,,,
default,Logic block IMM,cpArea,None,,,,,,,
default,Logic block IMM,cpBranch,None,,,,,,,
default,Logic block IMM,cpFeed,None,,,,,,,
default,Logic block IMM,cpGrid,None,,,,,,,
default,Logic block IMM,cpHeadFold,None,,,,,,,
default,Logic block IMM,cpMeteostat,None,,,,,,,
default,Logic block IMM,cpOperator,None,,,,,,,
default,Logic block IMM,cpOwner,None,,,,,,,
default,Logic block IMM,cpSite,None,,,,,,,
default,Logic block IMM,cpSubstat,None,,,,,,,
default,Logic block IMM,cpSupplySubstation,None,,,,,,,
default,Logic block IMM,cpSupplyTransformer,None,,,,,,,
default,Logic block IMM,cpSupplyTrfStation,None,,,,,,,
default,Logic block IMM,cpZone,None,,,,,,,
default,Logic block IMM,dat_src,None,,,,,,,
default,Logic block IMM,dataExtUnit,None,,,,,,,
default,Logic block IMM,fold_id,None,,,,,,,
default,Logic block IMM,for_name,None,,,,,,,
default,Logic block IMM,gnrl_modby,None,,,,,,,
default,Logic block IMM,gnrl_modif,None,,,,,,,
default,Logic block IMM,iSchemeStatus,None,,,,,,,
default,Logic block IMM,iout,None,,,,,,,
default,Logic block IMM,loc_name,None,,,,,,,
default,Logic block IMM,outserv,ON,,,,,,,
default,Logic block IMM,pSwitch,None,,,,,,,
default,Logic block IMM,root_id,None,,,,,,,
default,Logic block IMM,typ_id,None,,,,,,,
default,Logic block IMMM,AttributeType,None,,,,,,,
default,Logic block IMMM,cDisplayName,None,,,,,,,
default,Logic block IMMM,cUserDefIndex,None,,,,,,,
default,Logic block IMMM,charact,None,,,,,,,
default,Logic block IMMM,chr_name,None,,,,,,,
default,Logic block IMMM,ciDist,None,,,,,,,
default,Logic block IMMM,ciDistAll,None,,,,,,,
default,Logic block IMMM,ciDistAllRoot,None,,,,,,,
default,Logic block IMMM,ciDistRoot,None,,,,,,,
default,Logic block IMMM,ciEarthed,None,,,,,,,
default,Logic block IMMM,ciEnergized,None,,,,,,,
default,Logic block IMMM,ciLater,None,,,,,,,
default,Logic block IMMM,ciOutaged,None,,,,,,,
default,Logic block IMMM,cpArea,None,,,,,,,
default,Logic block IMMM,cpBranch,None,,,,,,,
default,Logic block IMMM,cpFeed,None,,,,,,,
default,Logic block IMMM,cpGrid,None,,,,,,,
default,Logic block IMMM,cpHeadFold,None,,,,,,,
default,Logic block IMMM,cpMeteostat,None,,,,,,,
default,Logic block IMMM,cpOperator,None,,,,,,,
default,Logic block IMMM,cpOwner,None,,,,,,,
default,Logic block IMMM,cpSite,None,,,,,,,
default,Logic block IMMM,cpSubstat,None,,,,,,,
default,Logic block IMMM,cpSupplySubstation,None,,,,,,,
default,Logic block IMMM,cpSupplyTransformer,None,,,,,,,
default,Logic block IMMM,cpSupplyTrfStation,None,,,,,,,
default,Logic block IMMM,cpZone,None,,,,,,,
default,Logic block IMMM,dat_src,None,,,,,,,
default,Logic block IMMM,dataExtUnit,None,,,,,,,
default,Logic block IMMM,fold_id,None,,,,,,,
default,Logic block IMMM,for_name,None,,,,,,,
default,Logic block IMMM,gnrl_modby,None,,,,,,,
default,Logic block IMMM,gnrl_modif,None,,,,,,,
default,Logic block IMMM,iSchemeStatus,None,,,,,,,
default,Logic block IMMM,iout,None,,,,,,,
default,Logic block IMMM,loc_name,None,,,,,,,
default,Logic block IMMM,outserv,ON,,,,,,,
default,Logic block IMMM,pSwitch,None,,,,,,,
default,Logic block IMMM,root_id,None,,,,,,,
default,Logic block IMMM,typ_id,None,,,,,,,
default,Logic block IeM,AttributeType,None,,,,,,,
default,Logic block IeM,cDisplayName,None,,,,,,,
default,Logic block IeM,cUserDefIndex,None,,,,,,,
default,Logic block IeM,charact,None,,,,,,,
default,Logic block IeM,chr_name,None,,,,,,,
default,Logic block IeM,ciDist,None,,,,,,,
default,Logic block IeM,ciDistAll,None,,,,,,,
default,Logic block IeM,ciDistAllRoot,None,,,,,,,
default,Logic block IeM,ciDistRoot,None,,,,,,,
default,Logic block IeM,ciEarthed,None,,,,,,,
default,Logic block IeM,ciEnergized,None,,,,,,,
default,Logic block IeM,ciLater,None,,,,,,,
default,Logic block IeM,ciOutaged,None,,,,,,,
default,Logic block IeM,cpArea,None,,,,,,,
default,Logic block IeM,cpBranch,None,,,,,,,
default,Logic block IeM,cpFeed,None,,,,,,,
default,Logic block IeM,cpGrid,None,,,,,,,
default,Logic block IeM,cpHeadFold,None,,,,,,,
default,Logic block IeM,cpMeteostat,None,,,,,,,
default,Logic block IeM,cpOperator,None,,,,,,,
default,Logic block IeM,cpOwner,None,,,,,,,
default,Logic block IeM,cpSite,None,,,,,,,
default,Logic block IeM,cpSubstat,None,,,,,,,
default,Logic block IeM,cpSupplySubstation,None,,,,,,,
default,Logic block IeM,cpSupplyTransformer,None,,,,,,,
default,Logic block IeM,cpSupplyTrfStation,None,,,,,,,
default,Logic block IeM,cpZone,None,,,,,,,
default,Logic block IeM,dat_src,None,,,,,,,
default,Logic block IeM,dataExtUnit,None,,,,,,,
default,Logic block IeM,fold_id,None,,,,,,,
default,Logic block IeM,for_name,None,,,,,,,
default,Logic block IeM,gnrl_modby,None,,,,,,,
default,Logic block IeM,gnrl_modif,None,,,,,,,
default,Logic block IeM,iSchemeStatus,None,,,,,,,
default,Logic block IeM,iout,None,,,,,,,
default,Logic block IeM,loc_name,None,,,,,,,
default,Logic block IeM,outserv,ON,,,,,,,
default,Logic block IeM,pSwitch,None,,,,,,,
default,Logic block IeM,root_id,None,,,,,,,
default,Logic block IeM,typ_id,None,,,,,,,
default,Logic block IeMM,AttributeType,None,,,,,,,
default,Logic block IeMM,cDisplayName,None,,,,,,,
default,Logic block IeMM,cUserDefIndex,None,,,,,,,
default,Logic block IeMM,charact,None,,,,,,,
default,Logic block IeMM,chr_name,None,,,,,,,
default,Logic block IeMM,ciDist,None,,,,,,,
default,Logic block IeMM,ciDistAll,None,,,,,,,
default,Logic block IeMM,ciDistAllRoot,None,,,,,,,
default,Logic block IeMM,ciDistRoot,None,,,,,,,
default,Logic block IeMM,ciEarthed,None,,,,,,,
default,Logic block IeMM,ciEnergized,None,,,,,,,
default,Logic block IeMM,ciLater,None,,,,,,,
default,Logic block IeMM,ciOutaged,None,,,,,,,
default,Logic block IeMM,cpArea,None,,,,,,,
default,Logic block IeMM,cpBranch,None,,,,,,,
default,Logic block IeMM,cpFeed,None,,,,,,,
default,Logic block IeMM,cpGrid,None,,,,,,,
default,Logic block IeMM,cpHeadFold,None,,,,,,,
default,Logic block IeMM,cpMeteostat,None,,,,,,,
default,Logic block IeMM,cpOperator,None,,,,,,,
default,Logic block IeMM,cpOwner,None,,,,,,,
default,Logic block IeMM,cpSite,None,,,,,,,
default,Logic block IeMM,cpSubstat,None,,,,,,,
default,Logic block IeMM,cpSupplySubstation,None,,,,,,,
default,Logic block IeMM,cpSupplyTransformer,None,,,,,,,
default,Logic block IeMM,cpSupplyTrfStation,None,,,,,,,
default,Logic block IeMM,cpZone,None,,,,,,,
default,Logic block IeMM,dat_src,None,,,,,,,
default,Logic block IeMM,dataExtUnit,None,,,,,,,
default,Logic block IeMM,fold_id,None,,,,,,,
default,Logic block IeMM,for_name,None,,,,,,,
default,Logic block IeMM,gnrl_modby,None,,,,,,,
default,Logic block IeMM,gnrl_modif,None,,,,,,,
default,Logic block IeMM,iSchemeStatus,None,,,,,,,
default,Logic block IeMM,iout,None,,,,,,,
default,Logic block IeMM,loc_name,None,,,,,,,
default,Logic block IeMM,outserv,ON,,,,,,,
default,Logic block IeMM,pSwitch,None,,,,,,,
default,Logic block IeMM,root_id,None,,,,,,,
default,Logic block IeMM,typ_id,None,,,,,,,
default,Logic block IeMMM,AttributeType,None,,,,,,,
default,Logic block IeMMM,cDisplayName,None,,,,,,,
default,Logic block IeMMM,cUserDefIndex,None,,,,,,,
default,Logic block IeMMM,charact,None,,,,,,,
default,Logic block IeMMM,chr_name,None,,,,,,,
default,Logic block IeMMM,ciDist,None,,,,,,,
default,Logic block IeMMM,ciDistAll,None,,,,,,,
default,Logic block IeMMM,ciDistAllRoot,None,,,,,,,
default,Logic block IeMMM,ciDistRoot,None,,,,,,,
default,Logic block IeMMM,ciEarthed,None,,,,,,,
default,Logic block IeMMM,ciEnergized,None,,,,,,,
default,Logic block IeMMM,ciLater,None,,,,,,,
default,Logic block IeMMM,ciOutaged,None,,,,,,,
default,Logic block IeMMM,cpArea,None,,,,,,,
default,Logic block IeMMM,cpBranch,None,,,,,,,
default,Logic block IeMMM,cpFeed,None,,,,,,,
default,Logic block IeMMM,cpGrid,None,,,,,,,
default,Logic block IeMMM,cpHeadFold,None,,,,,,,
default,Logic block IeMMM,cpMeteostat,None,,,,,,,
default,Logic block IeMMM,cpOperator,None,,,,,,,
default,Logic block IeMMM,cpOwner,None,,,,,,,
default,Logic block IeMMM,cpSite,None,,,,,,,
default,Logic block IeMMM,cpSubstat,None,,,,,,,
default,Logic block IeMMM,cpSupplySubstation,None,,,,,,,
default,Logic block IeMMM,cpSupplyTransformer,None,,,,,,,
default,Logic block IeMMM,cpSupplyTrfStation,None,,,,,,,
default,Logic block IeMMM,cpZone,None,,,,,,,
default,Logic block IeMMM,dat_src,None,,,,,,,
default,Logic block IeMMM,dataExtUnit,None,,,,,,,
default,Logic block IeMMM,fold_id,None,,,,,,,
default,Logic block IeMMM,for_name,None,,,,,,,
default,Logic block IeMMM,gnrl_modby,None,,,,,,,
default,Logic block IeMMM,gnrl_modif,None,,,,,,,
default,Logic block IeMMM,iSchemeStatus,None,,,,,,,
default,Logic block IeMMM,iout,None,,,,,,,
default,Logic block IeMMM,loc_name,None,,,,,,,
default,Logic block IeMMM,outserv,ON,,,,,,,
default,Logic block IeMMM,pSwitch,None,,,,,,,
default,Logic block IeMMM,root_id,None,,,,,,,
default,Logic block IeMMM,typ_id,None,,,,,,,
default,Logic broken cond_dip,I1,None,,,,,,,
default,Logic broken cond_dip,I2,None,,,,,,,
default,Logic broken cond_dip,Inom,None,,,,,,,
default,Logic broken cond,AttributeType,None,,,,,,,
default,Logic broken cond,aDipset,None,,,,,,,
default,Logic broken cond,cDisplayName,None,,,,,,,
default,Logic broken cond,cUserDefIndex,None,,,,,,,
default,Logic broken cond,charact,None,,,,,,,
default,Logic broken cond,chr_name,None,,,,,,,
default,Logic broken cond,ciDist,None,,,,,,,
default,Logic broken cond,ciDistAll,None,,,,,,,
default,Logic broken cond,ciDistAllRoot,None,,,,,,,
default,Logic broken cond,ciDistRoot,None,,,,,,,
default,Logic broken cond,ciEarthed,None,,,,,,,
default,Logic broken cond,ciEnergized,None,,,,,,,
default,Logic broken cond,ciLater,None,,,,,,,
default,Logic broken cond,ciOutaged,None,,,,,,,
default,Logic broken cond,cpArea,None,,,,,,,
default,Logic broken cond,cpBranch,None,,,,,,,
default,Logic broken cond,cpFeed,None,,,,,,,
default,Logic broken cond,cpGrid,None,,,,,,,
default,Logic broken cond,cpHeadFold,None,,,,,,,
default,Logic broken cond,cpMeteostat,None,,,,,,,
default,Logic broken cond,cpOperator,None,,,,,,,
default,Logic broken cond,cpOwner,None,,,,,,,
default,Logic broken cond,cpSite,None,,,,,,,
default,Logic broken cond,cpSubstat,None,,,,,,,
default,Logic broken cond,cpSupplySubstation,None,,,,,,,
default,Logic broken cond,cpSupplyTransformer,None,,,,,,,
default,Logic broken cond,cpSupplyTrfStation,None,,,,,,,
default,Logic broken cond,cpZone,None,,,,,,,
default,Logic broken cond,dat_src,None,,,,,,,
default,Logic broken cond,dataExtUnit,None,,,,,,,
default,Logic broken cond,fold_id,None,,,,,,,
default,Logic broken cond,for_name,None,,,,,,,
default,Logic broken cond,gnrl_modby,None,,,,,,,
default,Logic broken cond,gnrl_modif,None,,,,,,,
default,Logic broken cond,iSchemeStatus,None,,,,,,,
default,Logic broken cond,iout,None,,,,,,,
default,Logic broken cond,loc_name,None,,,,,,,
default,Logic broken cond,outserv,ON,,,,,,,
default,Logic broken cond,pSwitch,None,,,,,,,
default,Logic broken cond,root_id,None,,,,,,,
default,Logic broken cond,sLogic,None,,,,,,,
default,Logic broken cond,sTripsig,None,,,,,,,
default,Logic broken cond,typ_id,None,,,,,,,
